filename,201401,201402,201403,201404,201405,201406,201407,201408,201409,201410,201411,201412,201501,201502,201503,201504,201505,201506,201507,201508,201509,201510,201511,201512,201601,201602,201603,201604,201605,201606,201607,201608,201609,201610,201611,201612,201701,201702,201703,201704,201705,201706,201707,201708,201709,201710,201711,201712,201801,201802,201803,201804,201805,201806,201807,201808,201809,201810,201811,201812,201901,201902,201903,201904,201905,201906,201907,201908,201909,201910,201911,201912,202001,202002,202003,202004,202005,202006,202007,202008,202009,202010,202011,202012,202101,202102,202103,202104,202105,202106,202107,202108,202109,202110,202111,202112,202201,202202,202203,202204,202205,202206,202207,202208,202209,202210,202211,202212,202301,202302,202303,202304,202305,202306,202307,202308,202309,202310,202311,202312,202401,202402,202403,202404,202405
analysis/analysis-api,0,0,0,0,0,0,0,0,0,0,0,0,0,0,0,0,0,0,0,0,0,0,0,0,0,0,0,0,0,0,0,0,0,0,0,0,0,0,0,0,0,0,0,0,0,0,0,0,0,0,0,0,0,0,0,0,0,0,0,0,0,0,0,0,0,0,0,0,0,0,0,0,0,0,0,0,0,0,0,0,0,0,0,0,0,0,0,0,0,0,0,0,232,31,331,118,70,83,35,17,58,118,57,16,22,382,288,73,131,66,82,51,30,72,99,101,38,209,54,201,375,31,252,434,469
analysis/analysis-api-fe10,0,0,0,0,0,0,0,0,0,0,0,0,0,0,0,0,0,0,0,0,0,0,0,0,0,0,0,0,0,0,0,0,0,0,0,0,0,0,0,0,0,0,0,0,0,0,0,0,0,0,0,0,0,0,0,0,0,0,0,0,0,0,0,0,0,0,0,0,0,0,0,0,0,0,0,0,0,0,0,0,0,0,0,0,0,0,0,0,0,0,0,0,0,116,283,30,0,3,9,17,141,48,21,7,4,21,185,3,61,26,9,22,16,11,28,15,11,35,7,7,10,7,15,172,188
analysis/analysis-api-fir,0,0,0,0,0,0,0,0,0,0,0,0,0,0,0,0,0,0,0,0,0,0,0,0,0,0,0,0,0,0,0,0,0,0,0,0,0,0,0,0,0,0,0,0,0,0,0,0,0,0,0,0,0,0,0,0,0,0,0,0,0,0,0,0,0,0,0,0,0,0,0,0,0,0,0,0,0,0,0,0,0,0,0,0,0,0,0,0,0,0,0,0,208,130,114,60,126,30,24,35,233,130,80,48,30,54,212,26,134,168,85,64,107,49,167,159,86,115,111,33,96,48,76,202,226
analysis/analysis-api-impl-barebone,0,0,0,0,0,0,0,0,0,0,0,0,0,0,0,0,0,0,0,0,0,0,0,0,0,0,0,0,0,0,0,0,0,0,0,0,0,0,0,0,0,0,0,0,0,0,0,0,0,0,0,0,0,0,0,0,0,0,0,0,0,0,0,0,0,0,0,0,0,0,0,0,0,0,0,0,0,0,0,0,0,0,0,0,0,0,0,0,0,0,0,0,0,4,0,0,0,0,0,1,0,0,0,0,0,0,0,0,0,1,0,0,0,0,0,0,0,1,0,0,0,0,0,0,0
analysis/analysis-api-impl-base,0,0,0,0,0,0,0,0,0,0,0,0,0,0,0,0,0,0,0,0,0,0,0,0,0,0,0,0,0,0,0,0,0,0,0,0,0,0,0,0,0,0,0,0,0,0,0,0,0,0,0,0,0,0,0,0,0,0,0,0,0,0,0,0,0,0,0,0,0,0,0,0,0,0,0,0,0,0,0,0,0,0,0,0,0,0,0,0,0,0,0,0,0,2,3,1,0,3,1,50,17,33,5,17,6,20,41,0,22,12,6,11,28,26,32,13,4,24,14,9,84,4,112,169,123
analysis/analysis-api-providers,0,0,0,0,0,0,0,0,0,0,0,0,0,0,0,0,0,0,0,0,0,0,0,0,0,0,0,0,0,0,0,0,0,0,0,0,0,0,0,0,0,0,0,0,0,0,0,0,0,0,0,0,0,0,0,0,0,0,0,0,0,0,0,0,0,0,0,0,0,0,0,0,0,0,0,0,0,0,0,0,0,0,0,0,0,0,0,0,0,0,0,5,6,0,0,0,0,3,0,4,0,0,4,2,5,0,0,0,6,5,2,9,13,1,39,5,0,21,3,5,4,4,6,0,3
analysis/analysis-api-standalone,0,0,0,0,0,0,0,0,0,0,0,0,0,0,0,0,0,0,0,0,0,0,0,0,0,0,0,0,0,0,0,0,0,0,0,0,0,0,0,0,0,0,0,0,0,0,0,0,0,0,0,0,0,0,0,0,0,0,0,0,0,0,0,0,0,0,0,0,0,0,0,0,0,0,0,0,0,0,0,0,0,0,0,0,0,0,0,0,0,0,0,0,0,0,0,0,0,0,0,3,1,37,5,12,10,0,1,1,22,4,4,3,7,13,13,8,46,10,22,15,13,7,31,14,32
analysis/analysis-internal-utils,0,0,0,0,0,0,0,0,0,0,0,0,0,0,0,0,0,0,0,0,0,0,0,0,0,0,0,0,0,0,0,0,0,0,0,0,0,0,0,0,0,0,0,0,0,0,0,0,0,0,0,0,0,0,0,0,0,0,0,0,0,0,0,0,0,0,0,0,0,0,0,0,0,0,0,0,0,0,0,0,0,0,0,0,0,0,0,0,0,0,0,0,0,0,2,2,0,0,0,1,0,1,1,3,1,1,1,1,0,3,0,0,1,0,7,0,0,2,0,0,0,0,0,1,0
analysis/analysis-test-framework,0,0,0,0,0,0,0,0,0,0,0,0,0,0,0,0,0,0,0,0,0,0,0,0,0,0,0,0,0,0,0,0,0,0,0,0,0,0,0,0,0,0,0,0,0,0,0,0,0,0,0,0,0,0,0,0,0,0,0,0,0,0,0,0,0,0,0,0,0,0,0,0,0,0,0,0,0,0,0,0,0,0,0,0,0,0,0,0,0,0,0,0,0,0,0,0,0,0,0,38,4,13,7,3,2,2,3,2,14,2,1,2,5,4,11,7,3,4,13,22,35,42,38,7,18
analysis/decompiled,0,0,0,0,0,0,0,0,0,0,0,0,0,0,0,0,0,0,0,0,0,0,0,0,0,0,0,0,0,0,0,0,0,0,0,0,0,0,0,0,0,0,0,0,0,0,0,0,0,0,0,0,0,0,0,0,0,0,0,0,0,0,0,0,0,0,0,0,0,0,0,0,0,0,0,0,0,0,0,0,0,0,0,0,0,0,0,0,0,0,0,0,0,0,0,104,2,0,6,3,4,23,1,4,16,0,4,1,15,19,1,47,17,5,35,15,12,2,28,3,8,42,3,7,30
analysis/kt-references,0,0,0,0,0,0,0,0,0,0,0,0,0,0,0,0,0,0,0,0,0,0,0,0,0,0,0,0,0,0,0,0,0,0,0,0,0,0,0,0,0,0,0,0,0,0,0,0,0,0,0,0,0,0,0,0,0,0,0,0,0,0,0,0,0,0,0,0,0,0,0,0,0,0,0,0,0,0,0,0,0,0,0,0,0,0,0,0,0,0,0,0,0,0,0,0,0,13,0,0,29,2,1,1,1,0,0,3,1,4,0,4,2,2,0,0,0,0,0,0,0,0,1,0,5
analysis/light-classes-base,0,0,0,0,0,0,0,0,0,0,0,0,0,0,0,0,0,0,0,0,0,0,0,0,0,0,0,0,0,0,0,0,0,0,0,0,0,0,0,0,0,0,0,0,0,0,0,0,0,0,0,0,0,0,0,0,0,0,0,0,0,0,0,0,0,0,0,0,0,0,0,0,0,0,0,0,0,0,0,0,0,0,0,0,0,0,0,0,0,0,0,0,0,0,0,0,0,0,0,0,0,0,0,34,9,1,5,5,2,9,3,8,1,2,0,1,1,0,1,1,2,1,4,0,7
analysis/low-level-api-fir,0,0,0,0,0,0,0,0,0,0,0,0,0,0,0,0,0,0,0,0,0,0,0,0,0,0,0,0,0,0,0,0,0,0,0,0,0,0,0,0,0,0,0,0,0,0,0,0,0,0,0,0,0,0,0,0,0,0,0,0,0,0,0,0,0,0,0,0,0,0,0,0,0,0,0,0,0,0,0,0,0,0,0,0,0,0,0,0,0,0,0,0,53,46,7,2,53,13,2,41,34,29,77,34,13,6,38,81,74,36,94,149,150,86,234,216,723,142,205,213,185,310,192,106,52
analysis/project-structure,0,0,0,0,0,0,0,0,0,0,0,0,0,0,0,0,0,0,0,0,0,0,0,0,0,0,0,0,0,0,0,0,0,0,0,0,0,0,0,0,0,0,0,0,0,0,0,0,0,0,0,0,0,0,0,0,0,0,0,0,0,0,0,0,0,0,0,0,0,0,0,0,0,0,0,0,0,0,0,0,0,0,0,0,0,0,0,0,0,0,0,0,3,0,0,0,0,2,1,3,1,1,3,1,1,0,0,1,7,0,1,4,5,0,6,2,2,1,0,0,9,0,1,2,2
analysis/symbol-light-classes,0,0,0,0,0,0,0,0,0,0,0,0,0,0,0,0,0,0,0,0,0,0,0,0,0,0,0,0,0,0,0,0,0,0,0,0,0,0,0,0,0,0,0,0,0,0,0,0,0,0,0,0,0,0,0,0,0,0,0,0,0,0,0,0,0,0,0,0,0,0,0,0,0,0,0,0,0,0,0,0,0,0,0,0,0,0,0,0,0,0,0,1,2,0,0,3,2,0,0,9,7,1,2,58,49,8,265,136,154,328,49,20,19,43,14,8,21,13,3,7,36,30,71,37,45
ant/src,0,0,0,0,0,0,0,0,0,0,0,0,7,0,1,0,1,5,1,2,7,5,2,2,4,0,0,1,0,1,0,3,0,0,0,0,1,0,1,0,1,0,0,1,0,0,0,0,0,0,0,0,0,0,0,1,0,0,0,0,0,0,0,1,0,0,0,0,0,0,0,0,0,0,0,0,0,0,0,0,0,0,0,0,3,0,0,0,0,0,0,0,0,0,0,0,0,0,0,0,0,0,0,0,0,0,0,0,0,0,0,0,0,0,0,0,0,0,0,0,0,0,0,0,0
benchmarks/src,0,0,0,0,0,0,0,0,0,0,0,0,0,0,0,0,0,0,0,0,0,0,0,0,0,0,0,0,0,0,0,0,0,0,0,0,0,0,0,0,0,0,0,0,0,0,0,0,0,0,0,0,0,0,0,0,0,0,0,0,0,0,0,0,0,0,0,0,14,1,0,1,0,0,2,1,5,2,3,0,1,1,0,0,0,0,1,0,1,0,1,1,0,1,0,0,0,0,1,0,0,0,0,0,0,1,1,0,0,0,0,1,0,1,0,0,0,0,0,0,0,0,1,0,1
build-common/src,0,0,0,0,0,0,0,0,0,0,0,0,0,0,0,0,0,0,0,0,0,0,0,0,20,2,6,1,2,6,1,0,5,2,0,8,8,1,6,1,3,2,4,29,0,5,3,21,1,5,24,6,2,13,15,8,3,2,2,1,0,4,1,30,4,1,4,1,7,0,11,0,4,2,0,4,4,2,0,4,4,0,9,12,5,4,6,0,10,10,10,11,7,0,8,14,2,4,7,6,1,0,7,6,6,7,13,5,33,0,24,5,4,4,3,8,3,31,26,4,11,0,1,0,0
build-common/test,0,0,0,0,0,0,0,0,0,0,0,0,0,0,0,0,0,0,0,0,0,0,0,0,0,0,7,0,0,2,0,0,0,0,0,0,1,0,2,0,0,0,1,3,0,0,0,1,0,0,3,2,0,2,1,0,1,0,0,0,0,0,0,1,1,0,3,1,1,0,0,0,1,0,0,0,0,0,0,0,0,0,0,0,3,0,2,0,0,0,0,0,0,0,1,0,0,0,3,0,0,0,0,0,0,1,0,0,5,0,3,4,0,2,0,2,2,4,0,1,0,2,2,0,0
compiler/android-tests,0,0,0,0,0,0,0,0,0,0,0,0,0,0,0,0,0,0,0,0,0,0,0,0,0,0,0,1,1,0,0,0,0,0,1,1,0,0,0,0,0,0,0,0,0,0,0,0,4,0,0,2,0,0,0,3,0,4,0,0,2,0,1,1,1,0,3,0,0,1,0,0,0,1,4,8,1,1,0,0,1,0,1,2,3,9,0,2,1,0,0,2,0,0,0,3,0,1,1,2,0,0,0,0,2,0,0,0,0,1,0,0,1,0,0,0,0,0,0,2,0,0,0,0,0
compiler/backend,0,0,0,0,0,0,0,0,0,0,0,0,48,3,27,232,10,14,40,7,106,128,43,56,114,32,59,37,21,72,17,7,17,56,31,44,57,25,47,19,145,78,149,42,41,29,33,73,91,81,47,49,37,35,79,57,70,49,32,43,97,41,71,143,23,28,27,23,54,21,23,26,14,23,42,53,89,53,24,33,70,24,38,24,12,27,30,21,34,101,108,97,60,7,22,35,6,9,21,6,18,15,5,3,32,12,1,23,15,5,11,10,5,3,37,11,66,85,3,0,0,19,15,4,1
compiler/backend-common,0,0,0,0,0,0,0,0,0,0,0,0,7,0,0,0,0,2,3,0,2,3,1,2,3,0,0,0,7,3,3,0,7,3,0,9,5,0,3,0,1,2,0,1,1,0,3,0,2,3,0,3,0,3,5,4,1,2,0,0,5,1,0,3,1,0,0,0,1,1,0,1,0,0,0,3,1,3,0,0,1,0,2,0,0,0,1,2,0,3,0,1,2,0,0,2,0,0,0,1,0,2,1,0,1,0,1,0,0,1,0,1,0,0,0,0,1,0,0,0,0,0,0,0,0
compiler/backend.common.jvm,0,0,0,0,0,0,0,0,0,0,0,0,0,0,0,0,0,0,0,0,0,0,0,0,0,0,0,0,0,0,0,0,0,0,0,0,0,0,0,0,0,0,0,0,0,0,0,0,0,0,0,0,0,0,0,0,0,0,0,0,0,0,0,0,0,0,0,0,0,0,0,0,0,0,0,0,0,0,0,0,5,0,0,1,0,0,1,2,0,1,0,0,0,1,1,0,1,4,0,0,0,2,1,2,0,0,0,0,4,0,1,0,0,0,0,0,1,0,0,0,0,0,0,0,0
compiler/build-tools,0,0,0,0,0,0,0,0,0,0,0,0,0,0,0,0,0,0,0,0,0,0,0,0,0,0,0,0,0,0,0,0,0,0,0,0,0,0,0,0,0,0,0,0,0,0,0,0,0,0,0,0,0,0,0,0,0,0,0,0,0,0,0,0,0,0,0,0,0,0,0,0,0,0,0,0,0,0,0,0,0,0,0,0,0,0,0,0,0,0,0,0,0,0,0,0,0,0,0,0,0,0,0,0,0,0,0,0,0,0,0,20,3,19,28,19,0,8,3,5,1,12,77,3,0
compiler/builtins-serializer,0,0,0,0,0,0,0,0,0,0,0,0,0,0,2,5,3,2,2,1,10,10,4,7,6,3,1,2,0,1,0,0,1,1,5,0,0,1,4,2,1,1,0,0,0,1,0,0,0,0,2,0,0,0,4,1,0,0,0,0,0,0,0,0,0,0,0,0,0,0,0,0,0,0,0,0,0,4,0,2,0,1,0,0,0,0,1,0,0,0,0,1,0,0,0,0,0,0,2,0,0,0,0,0,1,0,0,0,3,0,0,0,0,0,0,0,0,0,0,1,0,0,1,0,1
compiler/cli,0,0,0,0,0,0,0,0,0,0,0,0,1,0,0,2,0,8,3,1,19,4,8,5,27,6,9,2,23,15,2,6,4,19,6,21,26,35,8,36,20,22,26,43,17,15,10,16,2,19,11,12,47,4,23,36,13,5,10,6,20,9,27,25,29,7,7,7,3,25,18,19,32,14,21,26,19,24,7,21,8,22,31,22,23,35,21,13,25,17,44,24,32,28,28,32,36,30,32,22,11,40,18,16,33,29,29,24,84,40,121,71,28,18,26,26,39,12,26,18,17,67,32,46,40
compiler/compiler-runner-unshaded,0,0,0,0,0,0,0,0,0,0,0,0,0,0,0,0,0,0,0,0,0,0,0,0,0,0,0,0,0,0,0,0,0,0,0,0,0,0,0,0,0,0,0,0,0,0,0,0,0,0,0,0,0,0,0,0,0,0,0,0,0,0,0,0,0,0,0,0,0,0,0,0,0,0,0,0,0,0,0,0,0,0,0,0,0,0,0,0,0,0,0,0,5,0,0,0,0,0,0,1,0,0,0,0,0,0,0,0,0,0,0,0,0,1,0,2,0,0,0,1,0,1,0,0,0
compiler/config,0,0,0,0,0,0,0,0,0,0,0,0,0,0,0,0,0,0,0,0,0,0,0,0,0,0,0,0,0,0,0,0,0,0,0,0,0,0,0,0,0,0,0,0,0,0,0,0,0,0,0,0,0,0,0,0,0,0,0,0,0,0,0,0,0,0,0,0,0,0,0,0,0,0,3,2,1,1,0,1,2,0,1,1,0,4,0,0,0,1,2,0,2,0,1,1,2,2,0,1,0,1,0,1,1,1,0,0,1,3,1,1,1,0,0,2,4,1,2,0,0,3,2,1,3
compiler/config.jvm,0,0,0,0,0,0,0,0,0,0,0,0,0,0,0,0,0,0,0,0,0,0,0,0,0,0,0,0,0,0,0,0,0,0,0,0,0,0,0,0,0,0,0,0,0,0,0,0,0,0,0,0,0,0,0,0,0,0,0,0,0,0,0,0,0,0,0,0,0,0,0,0,0,0,6,2,0,0,0,0,1,5,0,9,2,3,2,0,0,0,1,1,2,2,1,1,0,1,0,1,0,1,1,0,1,0,0,0,0,0,1,0,2,0,0,1,0,0,0,0,0,7,1,0,0
compiler/container,0,0,0,0,0,0,0,0,0,0,0,0,0,0,0,0,0,13,22,5,2,5,4,4,12,0,1,1,1,0,0,0,8,3,0,0,0,0,7,1,0,1,0,3,0,0,0,0,0,0,0,2,0,0,0,0,0,0,0,4,0,0,2,1,7,2,1,0,0,0,0,1,0,0,0,0,0,0,0,2,0,0,0,0,1,1,0,0,0,0,0,0,0,0,0,0,0,0,0,0,0,1,0,0,0,0,0,0,0,0,5,0,0,0,0,0,0,0,0,0,0,0,0,0,0
compiler/daemon,0,0,0,0,0,0,0,0,0,0,0,0,0,0,0,0,0,0,0,0,0,0,20,6,4,0,1,3,6,0,0,1,2,17,1,13,55,25,18,10,8,1,26,6,5,0,2,6,3,0,2,4,9,10,3,6,2,2,2,0,2,16,6,16,24,0,3,0,2,0,0,0,0,1,1,2,1,4,0,15,0,1,15,3,1,0,6,11,0,5,7,3,8,0,0,0,2,0,5,3,0,3,12,1,3,1,0,8,3,0,7,2,0,0,3,16,0,1,2,22,6,3,0,1,1
compiler/fir,0,0,0,0,0,0,0,0,0,0,0,0,0,0,0,0,0,0,0,0,0,0,0,0,0,0,0,0,0,0,0,0,0,0,0,0,0,0,0,0,0,0,0,0,0,0,0,0,0,0,0,0,0,0,0,0,0,0,55,1,9,45,97,146,49,27,106,67,154,368,367,255,361,628,1080,691,454,612,384,778,517,397,252,523,607,795,792,1093,593,1166,806,525,1052,1636,420,332,254,300,152,365,303,468,287,639,116,247,814,1162,1321,642,745,471,409,301,1263,1173,834,1740,841,465,1489,473,770,1039,562
compiler/frontend,0,0,0,0,0,0,0,0,0,0,0,0,101,18,100,45,41,83,157,103,124,247,265,116,178,77,62,60,79,150,69,31,68,131,61,141,91,47,121,49,59,27,92,197,119,75,40,43,254,80,67,31,42,46,62,81,94,19,17,15,27,76,41,138,112,27,38,15,32,51,39,32,44,34,37,21,31,65,24,88,70,17,44,57,22,111,39,45,58,23,37,63,177,49,29,103,80,10,54,19,32,20,25,58,48,56,33,15,35,21,18,26,16,15,16,24,29,19,2,1,13,10,12,18,4
compiler/frontend.common,0,0,0,0,0,0,0,0,0,0,0,0,0,0,0,0,0,0,0,0,0,0,0,0,0,0,0,0,0,0,0,0,0,0,0,0,0,0,0,0,0,0,0,0,0,0,0,0,0,0,0,0,0,0,0,0,0,0,0,1,0,0,0,1,6,1,1,0,0,0,0,0,0,0,1,0,0,1,0,2,0,0,6,0,1,5,2,0,1,3,1,1,6,35,2,3,0,1,5,0,0,3,6,2,0,4,3,3,6,6,4,1,3,4,11,5,0,1,3,3,3,3,3,6,7
compiler/frontend.common-psi,0,0,0,0,0,0,0,0,0,0,0,0,0,0,0,0,0,0,0,0,0,0,0,0,0,0,0,0,0,0,0,0,0,0,0,0,0,0,0,0,0,0,0,0,0,0,0,0,0,0,0,0,0,0,0,0,0,0,0,0,0,0,0,0,0,0,0,0,0,0,0,0,0,0,0,0,0,0,0,0,0,0,0,0,0,0,0,0,0,0,0,0,9,10,12,0,0,0,4,0,1,0,3,1,3,1,3,0,6,0,6,1,6,6,10,4,0,8,3,0,2,6,2,3,6
compiler/frontend.common.jvm,0,0,0,0,0,0,0,0,0,0,0,0,0,0,0,0,0,0,0,0,0,0,0,0,0,0,0,0,0,0,0,0,0,0,0,0,0,0,0,0,0,0,0,0,0,0,0,0,0,0,0,0,0,0,0,0,0,0,0,0,0,0,0,0,0,0,0,0,0,0,0,0,0,0,0,0,0,0,0,0,0,0,0,0,0,0,0,0,0,0,0,0,0,0,0,2,0,0,0,0,2,0,5,1,0,1,0,0,4,0,2,1,0,0,2,1,2,0,0,1,0,2,0,0,1
compiler/frontend.java,0,0,0,0,0,0,0,0,0,0,0,0,9,9,8,0,1,4,15,31,56,57,31,31,32,10,24,11,6,34,10,1,8,33,10,25,8,6,20,10,24,24,11,15,15,10,5,11,13,12,12,17,5,7,19,12,17,2,7,17,3,6,9,21,20,7,4,2,1,7,1,5,24,5,0,22,8,12,8,3,23,11,5,33,8,5,13,13,7,3,19,13,29,10,6,16,10,0,1,5,5,0,7,3,5,9,5,2,15,2,6,9,6,2,5,1,5,1,0,0,1,2,1,0,0
compiler/incremental-compilation-impl,0,0,0,0,0,0,0,0,0,0,0,0,0,0,0,0,0,0,0,0,0,0,0,0,0,0,0,0,0,0,0,0,0,0,0,31,3,2,2,2,2,1,2,45,5,3,3,29,2,0,4,10,11,11,3,18,4,5,11,0,3,11,6,18,2,0,0,1,0,0,5,0,20,0,0,1,0,3,0,1,4,4,12,11,8,3,7,1,3,15,3,6,5,0,36,26,12,24,44,7,7,3,23,66,26,5,25,4,45,4,17,27,14,10,15,23,11,11,20,10,1,2,10,0,3
compiler/ir,0,0,0,0,0,0,0,0,0,0,0,0,0,0,0,0,0,0,0,0,0,0,0,0,0,0,0,0,0,0,0,0,0,593,2,5,34,14,39,1,185,7,8,31,8,1,3,5,74,56,79,106,69,299,103,153,50,116,126,62,94,136,278,396,128,157,128,137,107,177,268,113,132,332,137,95,213,349,360,297,157,286,201,181,49,192,170,58,82,373,422,361,305,331,233,397,260,161,118,94,230,227,87,279,184,448,215,183,350,145,502,269,235,371,430,114,142,227,293,131,291,381,246,502,168
compiler/javac-wrapper,0,0,0,0,0,0,0,0,0,0,0,0,0,0,0,0,0,0,0,0,0,0,0,0,0,0,0,0,0,0,0,0,0,0,0,0,0,0,0,0,36,2,5,78,0,0,0,0,3,0,0,0,0,0,0,0,0,0,0,4,0,0,1,0,0,0,0,0,0,17,2,0,0,0,1,4,0,0,0,0,22,0,0,10,1,0,0,0,0,0,0,0,1,2,0,0,0,0,0,0,0,9,0,1,0,0,0,0,0,0,0,3,0,0,0,0,0,4,0,0,0,0,0,0,0
compiler/light-classes,0,0,0,0,0,0,0,0,0,0,0,0,0,0,0,0,0,0,0,0,0,0,0,0,0,0,0,0,0,0,12,1,1,1,0,2,0,0,22,3,15,3,5,7,6,3,2,2,3,5,4,2,5,2,5,5,1,8,10,18,0,4,3,5,28,46,34,1,17,29,1,11,6,3,4,3,6,10,0,9,52,0,3,4,3,0,9,2,3,0,1,2,25,4,0,1,1,11,3,1,0,110,34,18,9,5,1,7,2,4,1,2,3,3,0,0,4,1,0,1,0,1,5,1,11
compiler/plugin-api,0,0,0,0,0,0,0,0,0,0,0,0,0,12,4,2,1,0,2,0,1,0,1,1,3,0,0,0,0,0,0,0,0,0,0,0,0,1,0,0,0,0,0,0,0,0,0,1,0,0,0,1,0,0,0,0,0,0,4,0,0,0,0,0,0,0,0,0,0,0,1,0,1,0,0,0,0,0,0,0,0,0,0,0,0,0,0,0,0,0,0,0,0,0,0,0,0,0,0,0,0,8,3,0,1,0,0,0,0,0,0,0,0,0,0,0,0,0,0,0,0,0,2,0,0
compiler/psi,0,0,0,0,0,0,0,0,0,0,0,0,0,0,0,0,0,0,0,0,0,0,0,0,0,0,0,0,0,0,0,0,0,0,0,0,0,0,0,0,0,0,0,0,0,0,0,0,0,0,89,4,0,6,11,13,3,6,32,3,2,7,6,26,6,5,3,1,3,3,2,2,10,3,9,2,1,0,1,14,8,2,5,4,1,0,2,5,17,2,13,3,8,6,2,13,0,0,0,0,0,6,3,5,11,2,28,1,4,7,11,20,7,2,7,7,7,5,8,6,12,17,4,3,5
compiler/resolution,0,0,0,0,0,0,0,0,0,0,0,0,0,0,0,0,0,0,0,0,0,0,0,0,0,15,8,4,11,3,12,3,33,9,6,18,0,4,13,10,4,4,71,151,34,40,27,11,73,18,24,10,22,13,3,6,3,0,1,9,52,5,25,66,60,18,10,6,12,8,12,39,48,53,25,13,65,33,25,71,19,9,2,0,2,2,8,7,12,9,19,18,76,10,16,71,27,0,18,12,30,6,11,9,11,11,3,0,3,2,6,11,2,2,6,20,4,19,3,1,3,0,0,2,0
compiler/resolution.common,0,0,0,0,0,0,0,0,0,0,0,0,0,0,0,0,0,0,0,0,0,0,0,0,0,0,0,0,0,0,0,0,0,0,0,0,0,0,0,0,0,0,0,0,0,0,0,0,0,0,0,0,0,0,0,0,0,0,0,0,0,0,0,0,0,0,0,0,0,0,0,0,0,0,0,0,0,0,0,28,12,16,6,3,3,6,10,11,12,10,23,21,3,4,7,15,23,4,2,12,16,0,5,0,3,2,14,2,1,5,6,4,6,8,14,16,17,10,49,11,24,13,16,17,7
compiler/resolution.common.jvm,0,0,0,0,0,0,0,0,0,0,0,0,0,0,0,0,0,0,0,0,0,0,0,0,0,0,0,0,0,0,0,0,0,0,0,0,0,0,0,0,0,0,0,0,0,0,0,0,0,0,0,0,0,0,0,0,0,0,0,0,0,0,0,0,0,0,0,0,0,0,0,0,0,0,0,0,0,0,0,0,22,0,1,25,1,1,4,5,0,0,1,1,1,0,0,0,1,0,1,0,0,3,0,1,0,2,0,1,2,0,0,0,13,9,1,0,1,3,1,0,2,0,0,1,0
compiler/serialization,0,0,0,0,0,0,0,0,0,0,0,0,0,0,1,2,0,1,7,0,1,0,0,2,3,0,0,0,0,17,0,0,1,0,2,6,3,1,5,0,2,0,1,0,1,8,0,2,3,3,17,9,0,2,16,1,6,5,3,7,1,1,9,3,0,0,0,6,0,0,0,0,1,0,1,0,0,8,2,0,1,2,6,1,2,0,1,3,5,0,0,4,0,0,0,3,3,1,3,0,1,0,0,0,1,0,1,1,1,2,3,1,0,0,2,1,1,0,0,0,0,1,0,0,0
compiler/test-infrastructure,0,0,0,0,0,0,0,0,0,0,0,0,0,0,0,0,0,0,0,0,0,0,0,0,0,0,0,0,0,0,0,0,0,0,0,0,0,0,0,0,0,0,0,0,0,0,0,0,0,0,0,0,0,0,0,0,0,0,0,0,0,0,0,0,0,0,0,0,0,0,0,0,0,0,0,0,0,0,0,0,0,0,0,49,23,12,3,3,6,4,7,17,7,8,3,12,4,5,2,3,0,2,6,4,2,0,2,1,1,3,2,1,10,4,5,2,3,4,2,3,3,5,1,3,5
compiler/test-infrastructure-utils,0,0,0,0,0,0,0,0,0,0,0,0,0,0,0,0,0,0,0,0,0,0,0,0,0,0,0,0,0,0,0,0,0,0,0,0,0,0,0,0,0,0,0,0,0,0,0,0,0,0,0,0,0,0,0,0,0,0,0,0,0,0,0,0,0,0,0,0,0,0,0,0,0,0,0,0,0,0,0,0,0,0,0,21,6,3,0,6,2,2,1,6,3,1,0,0,0,0,1,0,0,0,3,1,3,0,4,0,2,1,2,1,2,1,2,1,0,0,2,0,1,2,1,2,2
compiler/testData,71,45,233,49,178,136,262,269,110,396,212,310,117,209,964,646,1011,307,338,303,1040,1665,642,420,395,455,1065,160,107,254,139,176,171,482,1900,937,721,156,1109,174,586,124,179,280,335,279,1124,214,163,331,180,427,185,5035,1273,1907,984,621,152,1237,747,484,614,745,624,478,359,306,418,749,4385,2721,1001,1709,3032,1762,1876,693,649,764,782,565,2215,1876,760,1713,1416,1792,4620,842,1179,1077,1698,3857,4614,1140,255,923,289,338,414,370,1098,370,288,530,885,724,1435,678,1757,945,914,1122,759,936,533,640,1455,1449,1081,1284,1547,1236,7488
compiler/tests,0,0,0,0,0,0,0,0,0,0,0,0,12,6,15,10,7,10,3,3,14,13,16,9,19,3,6,21,11,3,2,3,6,10,1,5,6,4,13,7,11,4,14,8,6,2,4,2,1,3,9,6,7,1,11,17,7,2,8,8,2,8,6,28,20,9,9,4,3,5,4,1,4,6,2,10,7,11,3,2,2,5,9,24,11,4,9,5,3,2,8,9,1,2,5,6,6,3,2,1,1,13,1,5,6,6,2,6,16,2,7,6,3,2,6,19,23,9,4,2,1,11,33,7,7
compiler/tests-against-klib,0,0,0,0,0,0,0,0,0,0,0,0,0,0,0,0,0,0,0,0,0,0,0,0,0,0,0,0,0,0,0,0,0,0,0,0,0,0,0,0,0,0,0,0,0,0,0,0,0,0,0,0,0,0,0,0,0,0,0,0,0,0,0,0,0,0,0,0,0,0,0,0,2,0,1,0,2,2,0,0,1,0,0,4,2,0,0,0,0,0,0,0,0,0,0,0,0,0,0,0,0,0,0,0,0,0,0,0,0,0,0,0,0,0,0,1,0,0,1,0,0,0,1,0,0
compiler/tests-common,0,0,0,0,0,0,0,0,0,0,0,0,0,0,0,0,0,0,0,0,0,0,0,0,0,0,0,0,0,0,0,0,0,0,0,0,0,0,0,0,0,0,0,0,0,22,27,1,5,4,13,5,10,7,15,17,3,2,16,9,7,11,16,31,39,6,7,11,2,7,15,9,10,11,59,8,12,14,8,24,11,10,9,51,17,13,3,9,7,2,7,5,10,7,2,10,3,1,1,2,0,10,4,4,11,0,3,4,11,5,20,5,4,6,5,10,3,1,1,3,9,14,36,1,7
compiler/tests-common-new,0,0,0,0,0,0,0,0,0,0,0,0,0,0,0,0,0,0,0,0,0,0,0,0,0,0,0,0,0,0,0,0,0,0,0,0,0,0,0,0,0,0,0,0,0,0,0,0,0,0,0,0,0,0,0,0,0,0,0,0,0,0,0,0,0,0,0,0,0,0,0,0,0,0,0,0,0,0,0,0,0,0,0,128,140,85,20,50,49,47,33,122,31,67,44,43,16,10,39,20,23,19,32,6,20,11,31,23,69,48,53,40,49,38,62,28,23,18,59,63,60,69,31,44,31
compiler/tests-compiler-utils,0,0,0,0,0,0,0,0,0,0,0,0,0,0,0,0,0,0,0,0,0,0,0,0,0,0,0,0,0,0,0,0,0,0,0,0,0,0,0,0,0,0,0,0,0,0,0,0,0,0,0,0,0,0,0,0,0,0,0,0,0,0,0,0,0,0,0,0,0,0,0,0,0,0,0,0,0,0,0,0,0,0,0,8,6,4,4,3,1,2,5,0,4,6,0,9,0,3,5,4,6,5,4,4,2,3,3,2,16,6,3,9,2,5,11,2,2,2,5,2,1,2,4,2,1
compiler/tests-different-jdk,0,0,0,0,0,0,0,0,0,0,0,0,0,0,0,0,0,0,0,0,0,0,0,0,0,0,0,0,0,0,0,0,0,0,0,0,0,0,0,0,0,0,0,0,0,0,0,0,0,0,0,0,0,0,0,0,0,1,0,0,0,0,0,1,4,0,0,0,0,0,0,0,0,0,0,1,0,0,0,0,0,0,0,0,1,5,0,0,0,0,0,2,0,0,1,0,0,0,0,0,0,0,0,1,0,0,0,0,0,0,2,0,0,0,0,0,0,0,0,0,1,0,0,0,0
compiler/tests-for-compiler-generator,0,0,0,0,0,0,0,0,0,0,0,0,0,0,0,0,0,0,0,0,0,0,0,0,0,0,0,0,0,0,0,0,0,0,0,0,0,0,0,0,0,0,0,0,0,0,0,0,0,0,0,0,0,0,0,0,0,0,0,0,0,0,0,0,0,0,0,0,0,0,0,0,0,0,0,0,0,0,0,0,0,0,0,10,15,10,6,10,2,2,5,6,4,9,2,4,1,1,2,0,4,0,2,2,0,2,1,1,6,3,13,2,2,2,9,5,5,4,1,6,4,6,2,3,1
compiler/tests-java8,0,0,0,0,0,0,0,0,0,0,0,0,0,0,0,0,0,0,0,0,0,0,0,0,0,0,0,3,3,0,0,0,2,6,0,0,0,2,1,0,0,0,0,2,0,0,4,0,0,0,0,0,0,0,1,3,0,4,0,0,0,1,0,3,0,0,1,0,0,0,2,0,0,0,0,0,1,1,0,0,1,4,0,8,0,0,0,2,0,0,0,0,0,0,1,0,0,0,0,0,0,0,0,0,0,0,0,0,0,0,0,1,4,0,0,0,0,0,0,1,1,0,0,0,2
compiler/tests-mutes,0,0,0,0,0,0,0,0,0,0,0,0,0,0,0,0,0,0,0,0,0,0,0,0,0,0,0,0,0,0,0,0,0,0,0,0,0,0,0,0,0,0,0,0,0,0,0,0,0,0,0,0,0,0,0,0,0,0,0,0,0,0,0,0,0,0,0,0,0,0,0,0,0,0,0,0,0,4,3,1,0,0,0,9,0,0,0,0,0,0,0,0,0,0,0,0,0,0,0,0,0,0,0,0,0,0,0,2,0,0,4,0,0,0,0,2,0,0,0,0,0,0,0,0,0
compiler/tests-spec,0,0,0,0,0,0,0,0,0,0,0,0,0,0,0,0,0,0,0,0,0,0,0,0,0,0,0,0,0,0,0,0,0,0,0,0,0,0,0,0,0,0,0,0,0,0,0,0,0,0,0,0,0,0,0,84,5,261,110,16,1,74,7,133,25,6,5,437,2,1,0,36,273,78,395,482,1097,22,314,38,55,9,33,6,247,190,34,182,176,93,76,155,173,36,263,23,5,37,5,9,0,54,647,0,6,2,50,43,30,10,48,41,8,478,16,13,6,11,8,4,19,8,38,64,904
compiler/util,0,0,0,0,0,0,0,0,0,0,0,0,6,0,8,1,2,3,2,2,9,1,2,4,12,0,0,0,3,0,0,0,1,5,9,14,7,8,15,1,3,0,9,9,21,11,6,5,3,6,4,4,9,5,16,16,10,2,3,3,1,17,3,14,3,7,2,4,1,7,6,8,20,2,4,3,9,4,4,2,6,4,1,7,10,5,4,15,5,5,19,10,16,14,7,10,0,6,6,6,9,6,5,15,9,10,9,7,10,3,11,13,8,4,17,2,4,6,2,5,7,14,3,1,10
compiler/util-io,0,0,0,0,0,0,0,0,0,0,0,0,0,0,0,0,0,0,0,0,0,0,0,0,0,0,0,0,0,0,0,0,0,0,0,0,0,0,0,0,0,0,0,0,0,0,0,0,0,0,0,0,0,0,0,0,0,0,0,0,0,0,0,0,0,4,0,0,2,4,0,1,3,0,0,6,0,1,0,0,2,2,0,0,1,1,1,1,0,0,0,1,0,0,0,0,0,0,0,0,0,0,0,1,0,0,2,0,1,0,3,2,1,0,0,1,0,0,2,1,2,0,0,1,0
compiler/util-klib,0,0,0,0,0,0,0,0,0,0,0,0,0,0,0,0,0,0,0,0,0,0,0,0,0,0,0,0,0,0,0,0,0,0,0,0,0,0,0,0,0,0,0,0,0,0,0,0,0,0,0,0,0,0,0,0,0,0,0,0,0,0,0,0,0,25,0,0,26,16,11,4,34,10,8,11,4,2,0,3,0,2,6,2,9,1,0,14,1,0,7,4,0,1,0,0,1,0,0,0,1,1,0,0,0,0,2,1,6,10,5,2,1,5,4,2,1,2,4,7,3,1,5,6,11
compiler/util-klib-abi,0,0,0,0,0,0,0,0,0,0,0,0,0,0,0,0,0,0,0,0,0,0,0,0,0,0,0,0,0,0,0,0,0,0,0,0,0,0,0,0,0,0,0,0,0,0,0,0,0,0,0,0,0,0,0,0,0,0,0,0,0,0,0,0,0,0,0,0,0,0,0,0,0,0,0,0,0,0,0,0,0,0,0,0,0,0,0,0,0,0,0,0,0,0,0,0,0,0,0,0,0,0,0,0,0,0,0,0,0,0,0,0,0,0,22,4,0,0,6,0,2,0,4,3,7
compiler/util-klib-metadata,0,0,0,0,0,0,0,0,0,0,0,0,0,0,0,0,0,0,0,0,0,0,0,0,0,0,0,0,0,0,0,0,0,0,0,0,0,0,0,0,0,0,0,0,0,0,0,0,0,0,0,0,0,0,0,0,0,0,0,0,0,0,0,0,0,0,0,0,0,28,11,5,4,4,2,8,0,0,2,4,0,0,0,0,2,0,0,2,1,2,0,1,2,0,2,0,0,0,3,0,0,1,0,0,0,0,2,28,15,3,1,1,0,2,13,3,0,0,3,8,0,0,0,1,0
core/builtins,0,0,37,0,0,0,6,0,2,5,11,2,17,9,27,0,14,0,9,6,36,31,5,7,14,4,2,4,0,0,3,0,0,16,5,5,5,2,2,0,0,0,1,1,1,1,1,0,2,2,0,2,1,0,0,7,1,2,1,1,3,0,14,7,0,0,2,1,0,0,0,0,4,0,2,1,0,3,0,2,1,0,0,0,2,0,1,7,1,0,0,0,0,0,0,2,2,0,0,1,6,0,0,2,1,1,0,0,3,0,2,4,0,4,0,2,4,0,4,0,4,0,0,0,0
core/compiler.common,0,0,0,0,0,0,0,0,0,0,0,0,0,0,0,0,0,0,0,0,0,0,0,0,0,0,0,0,0,0,0,0,0,0,0,0,0,0,0,0,0,0,0,0,0,0,0,0,0,0,0,0,0,0,0,0,0,0,0,0,0,0,0,0,0,0,0,0,0,0,0,0,0,0,0,0,0,0,0,30,15,8,9,6,4,6,7,13,17,10,12,15,22,13,2,7,14,3,12,15,18,6,0,11,7,1,4,25,17,10,9,21,11,8,6,13,14,4,11,2,12,2,6,12,8
core/compiler.common.js,0,0,0,0,0,0,0,0,0,0,0,0,0,0,0,0,0,0,0,0,0,0,0,0,0,0,0,0,0,0,0,0,0,0,0,0,0,0,0,0,0,0,0,0,0,0,0,0,0,0,0,0,0,0,0,0,0,0,0,0,0,0,0,0,0,0,0,0,0,0,0,0,0,0,0,0,0,0,0,0,0,0,0,0,0,0,0,0,0,0,0,0,0,0,0,0,0,0,0,0,0,0,0,0,0,0,0,0,8,0,1,2,0,0,0,0,0,1,0,0,0,0,1,0,0
core/compiler.common.jvm,0,0,0,0,0,0,0,0,0,0,0,0,0,0,0,0,0,0,0,0,0,0,0,0,0,0,0,0,0,0,0,0,0,0,0,0,0,0,0,0,0,0,0,0,0,0,0,0,0,0,0,0,0,0,0,0,0,0,0,0,0,0,0,0,0,0,0,0,0,0,0,0,0,0,0,0,0,0,0,0,24,13,0,7,0,2,3,0,0,1,12,1,30,4,2,3,1,4,0,1,1,2,1,0,0,1,1,3,1,2,1,3,5,1,0,3,6,2,4,0,2,0,4,6,4
core/compiler.common.native,0,0,0,0,0,0,0,0,0,0,0,0,0,0,0,0,0,0,0,0,0,0,0,0,0,0,0,0,0,0,0,0,0,0,0,0,0,0,0,0,0,0,0,0,0,0,0,0,0,0,0,0,0,0,0,0,0,0,0,0,0,0,0,0,0,0,0,0,0,0,0,0,0,0,0,0,0,0,0,0,0,0,0,0,0,0,0,0,0,0,0,0,0,0,0,0,0,0,0,0,0,0,0,0,0,0,0,0,0,0,0,0,0,0,3,3,0,0,1,3,2,1,0,0,0
core/compiler.common.wasm,0,0,0,0,0,0,0,0,0,0,0,0,0,0,0,0,0,0,0,0,0,0,0,0,0,0,0,0,0,0,0,0,0,0,0,0,0,0,0,0,0,0,0,0,0,0,0,0,0,0,0,0,0,0,0,0,0,0,0,0,0,0,0,0,0,0,0,0,0,0,0,0,0,0,0,0,0,0,0,0,0,0,0,0,0,0,0,0,0,0,0,0,0,0,0,0,0,0,0,0,0,0,0,0,0,0,0,0,0,0,0,0,0,0,0,0,0,2,4,0,0,0,0,0,0
core/compiler.common.web,0,0,0,0,0,0,0,0,0,0,0,0,0,0,0,0,0,0,0,0,0,0,0,0,0,0,0,0,0,0,0,0,0,0,0,0,0,0,0,0,0,0,0,0,0,0,0,0,0,0,0,0,0,0,0,0,0,0,0,0,0,0,0,0,0,0,0,0,0,0,0,0,0,0,0,0,0,0,0,0,0,0,0,0,0,0,0,0,0,0,0,0,0,0,0,0,0,0,0,0,0,0,0,0,0,0,0,0,0,0,0,0,0,0,0,0,0,0,2,0,0,0,0,0,0
core/descriptors,0,0,0,0,0,0,0,0,0,0,0,0,27,8,19,13,16,52,106,54,41,114,94,59,77,36,35,40,45,101,11,11,24,66,20,53,20,5,33,25,19,17,49,29,36,18,4,15,17,26,9,12,8,27,37,15,26,11,22,10,14,7,37,38,29,14,66,10,10,17,4,2,16,8,20,12,5,28,5,56,40,11,12,20,5,14,9,24,35,10,20,46,13,4,5,21,79,6,43,16,8,3,4,12,6,12,10,4,7,16,7,9,6,0,3,3,6,3,1,1,5,1,0,3,8
core/descriptors.jvm,0,0,0,0,0,0,0,0,0,0,0,0,0,0,0,0,0,0,0,0,0,0,0,0,0,0,0,0,0,0,0,0,0,0,0,0,0,0,0,0,0,0,0,0,0,0,41,9,20,6,15,3,7,0,24,11,20,3,0,8,0,1,69,12,13,2,13,0,1,4,1,0,7,2,3,1,5,5,4,18,29,28,5,35,3,7,4,16,9,8,16,16,38,5,3,9,9,1,9,12,0,0,2,7,1,8,0,0,13,3,2,4,0,0,0,3,3,3,0,0,0,1,1,5,1
core/descriptors.runtime,0,0,0,0,0,0,0,0,0,0,0,0,0,0,0,0,0,0,0,0,0,0,0,0,0,0,0,0,0,0,0,0,0,0,0,0,0,0,0,0,0,0,0,0,0,0,3,0,0,0,0,1,0,0,0,1,0,0,0,0,0,0,4,1,0,0,0,0,29,4,0,0,3,1,1,1,0,2,1,5,2,2,0,14,0,1,1,4,0,1,2,6,1,0,0,1,0,0,0,0,0,4,0,0,0,0,0,0,4,0,3,2,0,1,0,0,1,1,0,0,0,0,0,0,0
core/deserialization,0,0,0,0,0,0,0,0,0,0,0,0,0,0,9,2,4,5,28,20,21,48,29,32,12,7,13,40,13,25,0,0,22,18,8,19,4,8,18,1,1,4,15,4,16,16,1,0,7,3,45,7,1,9,44,10,23,2,0,0,0,2,3,9,1,2,7,0,0,0,0,2,9,3,4,2,1,4,3,9,21,1,3,5,0,0,1,3,4,5,0,7,1,0,0,16,7,5,4,0,0,2,2,4,0,2,1,3,7,0,0,1,0,0,2,0,1,1,2,0,0,0,0,0,1
core/deserialization.common,0,0,0,0,0,0,0,0,0,0,0,0,0,0,0,0,0,0,0,0,0,0,0,0,0,0,0,0,0,0,0,0,0,0,0,0,0,0,0,0,0,0,0,0,0,0,0,0,0,0,0,0,0,0,0,0,0,0,0,0,0,0,0,0,0,0,0,0,0,0,0,0,0,0,0,0,0,0,0,0,6,0,0,0,0,0,0,0,0,0,0,0,0,0,0,2,0,0,0,0,0,0,0,0,0,0,1,2,2,0,0,2,1,0,0,0,1,0,0,0,0,1,0,0,1
core/deserialization.common.jvm,0,0,0,0,0,0,0,0,0,0,0,0,0,0,0,0,0,0,0,0,0,0,0,0,0,0,0,0,0,0,0,0,0,0,0,0,0,0,0,0,0,0,0,0,0,0,0,0,0,0,0,0,0,0,0,0,0,0,0,0,0,0,0,0,0,0,0,0,0,0,0,0,0,0,0,0,0,0,0,0,8,0,0,4,0,1,0,1,2,0,1,1,2,0,0,2,0,0,0,0,1,0,0,0,0,0,0,0,3,1,1,2,0,0,0,0,1,0,0,0,0,0,1,1,0
core/metadata,0,0,0,0,0,0,0,0,0,0,0,0,0,0,0,0,0,0,0,0,0,0,0,0,0,0,0,0,0,0,0,0,0,0,0,0,0,0,0,0,0,0,0,0,0,0,0,0,0,0,10,2,3,2,3,8,3,1,0,0,0,0,0,10,0,0,0,0,0,0,0,0,0,0,0,0,0,0,0,0,0,1,1,0,0,0,0,1,0,1,0,0,1,0,0,0,0,3,0,0,0,1,0,0,0,0,0,0,6,1,1,1,0,0,0,0,0,0,0,0,0,0,0,0,0
core/metadata.jvm,0,0,0,0,0,0,0,0,0,0,0,0,0,0,0,0,0,0,0,0,0,0,0,0,0,0,0,0,0,0,0,0,0,0,0,0,0,0,0,0,0,0,0,0,0,0,0,0,0,0,6,5,7,0,5,13,7,0,0,0,0,1,2,9,1,0,0,2,1,0,0,0,1,2,2,8,2,1,1,0,0,0,1,0,0,1,1,2,0,0,1,0,1,0,0,3,0,1,5,0,0,1,0,0,0,0,0,0,8,1,0,0,0,0,0,0,1,0,0,1,0,1,0,0,0
core/reflection.jvm,0,0,0,0,0,0,0,0,0,0,11,0,6,0,30,11,1,3,76,59,34,40,31,8,10,4,18,4,2,3,1,30,45,4,12,23,10,9,4,0,3,8,14,1,0,3,8,1,0,4,13,1,3,2,40,8,25,8,7,0,0,1,4,9,3,0,1,1,10,7,1,0,1,4,2,4,13,8,1,2,6,0,0,0,1,3,3,2,1,0,30,0,1,0,1,0,1,0,2,1,0,1,0,4,0,4,1,1,8,0,10,0,3,3,2,1,1,4,0,0,4,1,0,2,0
core/script.runtime,0,0,0,0,0,0,0,0,0,0,0,0,0,0,0,0,0,0,0,0,0,0,0,0,0,0,0,0,0,0,0,0,0,2,0,0,0,0,2,0,0,0,14,0,0,0,0,0,0,0,3,0,1,0,0,0,0,0,0,0,0,0,1,4,0,0,0,0,0,0,0,0,0,0,0,0,0,0,0,0,0,0,0,0,0,0,0,0,0,0,0,0,0,0,0,0,0,0,0,0,0,0,0,0,0,0,0,0,0,0,0,0,0,0,0,0,0,0,0,0,0,0,0,0,0
core/util.runtime,0,0,0,0,0,0,0,0,0,0,0,0,8,0,2,2,0,4,6,2,5,8,6,6,11,1,3,4,5,0,1,0,1,1,0,1,1,3,6,0,0,2,4,0,1,1,0,0,0,0,1,2,0,0,0,0,1,0,0,0,0,0,4,0,3,0,0,0,0,2,0,0,1,1,0,1,6,6,1,3,0,0,0,2,0,0,0,1,2,0,1,2,0,0,1,1,3,1,1,0,0,1,0,0,0,1,2,0,1,2,0,3,1,1,4,1,4,7,1,2,0,1,2,4,1
dependencies/kotlin-build-gradle-plugin,0,0,0,0,0,0,0,0,0,0,0,0,0,0,0,0,0,0,0,0,0,0,0,0,0,0,0,0,0,0,0,0,0,0,0,0,0,0,0,0,0,0,0,0,0,0,0,0,0,0,0,0,0,0,0,0,0,0,0,0,0,0,0,0,0,0,0,0,0,0,1,5,1,7,4,6,0,0,2,1,1,0,2,0,0,1,2,0,4,2,1,2,0,0,1,0,0,1,1,1,0,0,1,0,0,0,1,0,0,0,0,0,0,0,0,0,0,1,0,1,0,0,0,1,0
generators/analysis-api-generator,0,0,0,0,0,0,0,0,0,0,0,0,0,0,0,0,0,0,0,0,0,0,0,0,0,0,0,0,0,0,0,0,0,0,0,0,0,0,0,0,0,0,0,0,0,0,0,0,0,0,0,0,0,0,0,0,0,0,0,0,0,0,0,0,0,0,0,0,0,0,0,0,0,0,0,0,0,0,0,0,0,0,0,0,0,0,0,0,0,0,0,0,0,7,18,9,10,6,2,24,3,8,0,4,3,6,3,1,14,9,6,3,4,7,20,12,6,11,12,7,11,12,11,10,4
generators/builtins,0,0,0,0,0,0,0,0,0,0,0,0,0,0,0,0,0,0,0,0,0,0,0,0,0,0,0,0,0,0,0,0,0,0,0,0,0,0,0,0,0,0,0,0,0,0,0,0,0,0,0,9,13,0,4,10,4,0,0,0,0,4,8,4,0,0,2,1,0,0,0,0,1,0,0,0,1,0,0,1,1,0,0,0,0,2,9,6,0,0,0,3,0,0,0,0,0,0,0,1,1,3,1,1,1,1,0,0,1,0,0,20,1,2,0,28,23,1,8,0,3,0,0,0,0
generators/evaluate,0,0,0,0,0,0,0,0,0,0,0,0,0,0,0,0,0,0,0,0,0,0,0,0,0,0,0,0,0,0,0,0,0,0,0,0,0,0,0,0,0,0,0,0,0,0,0,0,0,0,0,0,0,0,0,0,0,0,0,0,0,0,0,0,0,0,0,0,0,0,0,0,2,0,0,0,1,0,0,1,0,0,0,0,1,0,1,2,0,3,1,0,0,0,0,0,0,0,0,0,0,0,0,1,0,0,0,0,0,0,0,0,0,0,0,0,0,0,0,0,0,0,0,0,0
generators/ide-iml-to-gradle-generator,0,0,0,0,0,0,0,0,0,0,0,0,0,0,0,0,0,0,0,0,0,0,0,0,0,0,0,0,0,0,0,0,0,0,0,0,0,0,0,0,0,0,0,0,0,0,0,0,0,0,0,0,0,0,0,0,0,0,0,0,0,0,0,0,0,0,0,0,0,0,0,0,0,0,0,0,0,0,0,0,0,0,0,0,0,0,0,0,7,12,1,7,0,0,0,1,1,0,4,0,0,0,0,0,0,0,0,0,0,0,0,0,0,0,0,0,0,0,0,0,0,0,0,0,0
generators/interpreter,0,0,0,0,0,0,0,0,0,0,0,0,0,0,0,0,0,0,0,0,0,0,0,0,0,0,0,0,0,0,0,0,0,0,0,0,0,0,0,0,0,0,0,0,0,0,0,0,0,0,0,0,0,0,0,0,0,0,0,0,0,0,0,0,0,0,0,0,0,0,0,0,0,0,0,0,0,1,1,1,0,0,0,0,0,2,0,2,0,7,2,1,0,0,0,0,2,0,0,0,2,0,0,1,0,0,0,0,2,0,1,0,3,0,0,0,0,0,0,0,0,0,0,0,0
generators/main,0,0,0,0,0,0,0,0,0,0,0,0,0,0,0,0,0,0,0,0,0,0,0,0,0,0,0,0,0,0,0,0,0,0,0,0,0,0,0,0,0,0,0,0,0,0,0,0,0,0,0,0,0,0,0,0,0,0,0,0,0,0,0,0,0,0,0,0,0,0,0,0,1,0,0,0,0,1,0,0,0,0,1,0,2,0,0,3,0,0,0,0,0,0,0,0,0,1,0,0,0,1,0,0,0,0,0,0,0,0,0,0,0,0,0,0,0,0,1,0,0,1,0,1,0
generators/nativeInteropRuntime,0,0,0,0,0,0,0,0,0,0,0,0,0,0,0,0,0,0,0,0,0,0,0,0,0,0,0,0,0,0,0,0,0,0,0,0,0,0,0,0,0,0,0,0,0,0,0,0,0,0,0,0,0,0,0,0,0,0,0,0,0,0,0,0,0,0,0,0,0,0,0,0,0,0,0,0,0,0,0,0,0,0,0,0,0,0,0,0,0,0,0,0,0,0,0,0,0,0,2,0,0,0,0,0,0,0,0,0,0,0,0,0,1,0,0,0,0,0,0,0,0,0,0,0,0
generators/protobuf,0,0,0,0,0,0,0,0,0,0,0,0,0,0,0,0,0,0,0,0,0,0,0,0,0,0,0,0,0,0,0,0,0,0,0,0,0,0,0,0,0,0,0,0,0,0,0,0,0,0,0,0,0,0,0,0,0,0,0,0,0,0,0,0,0,0,0,0,0,0,0,0,0,0,0,0,0,0,0,0,0,0,0,0,0,0,0,0,1,0,1,0,0,0,0,1,0,0,0,0,0,0,0,1,0,0,1,0,0,0,0,1,0,0,0,0,0,0,0,0,0,0,0,0,0
generators/protobufCompare,0,0,0,0,0,0,0,0,0,0,0,0,0,0,0,0,0,0,0,0,0,0,0,0,0,0,0,0,0,0,0,0,0,0,0,0,0,0,0,0,0,0,0,0,0,0,0,0,0,0,0,0,0,0,0,0,0,0,0,0,0,0,0,0,0,0,0,0,0,0,0,0,0,0,0,0,0,0,0,0,0,0,0,0,0,0,0,0,1,0,0,0,0,0,0,0,0,0,0,0,0,0,0,0,0,0,0,0,1,0,0,0,0,0,0,0,0,0,0,0,0,0,0,0,0
generators/sir-tests-generator,0,0,0,0,0,0,0,0,0,0,0,0,0,0,0,0,0,0,0,0,0,0,0,0,0,0,0,0,0,0,0,0,0,0,0,0,0,0,0,0,0,0,0,0,0,0,0,0,0,0,0,0,0,0,0,0,0,0,0,0,0,0,0,0,0,0,0,0,0,0,0,0,0,0,0,0,0,0,0,0,0,0,0,0,0,0,0,0,0,0,0,0,0,0,0,0,0,0,0,0,0,0,0,0,0,0,0,0,0,0,0,0,0,0,0,0,0,0,1,1,1,1,0,3,0
generators/test-generator,0,0,0,0,0,0,0,0,0,0,0,0,0,0,0,0,0,0,0,0,0,0,0,0,0,0,0,0,0,0,0,0,0,0,0,0,0,0,0,0,0,0,0,0,0,0,0,0,0,0,0,0,0,0,0,0,0,0,0,0,0,0,0,0,0,0,0,0,0,0,0,0,0,0,0,0,0,0,0,0,0,0,0,28,5,0,0,2,0,2,0,8,1,3,2,38,16,0,0,1,0,0,0,1,2,0,1,0,0,0,0,1,0,0,1,7,0,1,1,0,0,10,0,0,0
generators/tests,0,0,0,0,0,0,0,0,0,0,0,0,4,0,2,0,0,1,1,0,2,0,3,1,3,0,0,0,0,1,0,0,0,1,0,0,0,0,1,0,0,0,0,0,0,0,0,0,0,0,4,5,3,3,3,7,2,3,3,4,2,4,1,13,3,7,9,6,4,6,6,5,5,5,7,7,5,10,11,7,9,3,6,12,4,11,17,10,12,2,0,3,1,8,3,9,4,0,1,1,0,13,5,10,27,5,1,1,3,4,8,15,3,5,2,5,0,1,7,4,3,7,2,2,1
generators/tree-generator-common,0,0,0,0,0,0,0,0,0,0,0,0,0,0,0,0,0,0,0,0,0,0,0,0,0,0,0,0,0,0,0,0,0,0,0,0,0,0,0,0,0,0,0,0,0,0,0,0,0,0,0,0,0,0,0,0,0,0,0,0,0,0,0,0,0,0,0,0,0,0,0,0,0,0,0,0,0,0,0,0,0,0,0,0,0,0,0,0,0,0,0,0,0,0,0,0,0,0,0,0,0,0,0,0,0,0,0,0,0,0,0,0,0,0,0,0,8,41,83,22,0,32,10,87,22
generators/wasm,0,0,0,0,0,0,0,0,0,0,0,0,0,0,0,0,0,0,0,0,0,0,0,0,0,0,0,0,0,0,0,0,0,0,0,0,0,0,0,0,0,0,0,0,0,0,0,0,0,0,0,0,0,0,0,0,0,0,0,0,0,0,0,0,0,0,0,0,0,0,0,0,0,0,0,0,0,0,0,0,0,0,0,1,0,0,0,0,0,0,0,0,0,0,0,0,0,0,0,0,0,0,2,0,0,0,0,0,3,0,0,0,0,0,0,0,0,0,0,0,0,0,0,0,0
idea/testData,0,0,0,0,0,0,0,0,0,0,0,0,0,0,0,0,0,0,0,0,0,0,0,0,0,0,0,0,0,0,0,0,0,0,0,0,0,0,0,15,9,0,0,9,28,1,0,0,0,1,2,45,9,4,0,14,7,0,0,0,0,0,0,0,0,3,10,0,0,0,0,0,0,0,0,2,0,0,0,0,0,0,0,0,0,0,0,0,0,0,0,0,0,0,0,0,0,0,0,0,0,0,0,0,0,0,0,0,0,0,0,0,0,0,0,0,1,0,0,2,0,0,0,0,6
jps/jps-common,0,0,0,0,0,0,0,0,0,0,0,0,0,1,3,0,0,0,0,0,0,0,0,0,1,0,0,0,0,0,0,1,0,1,8,6,5,3,11,4,2,0,1,6,3,4,1,2,2,0,2,0,4,0,0,14,21,2,0,5,2,3,1,13,29,9,7,0,6,4,1,5,0,2,3,8,1,2,0,0,2,0,0,0,6,0,0,0,0,0,0,0,0,0,0,0,42,0,0,5,1,1,0,2,2,0,6,1,3,4,0,16,6,2,0,2,1,1,4,0,0,11,0,4,0
jps/jps-plugin,0,0,37,0,0,7,72,0,2,0,35,13,14,32,22,4,10,12,29,3,173,50,40,58,274,12,77,80,4,19,1,1,3,5,6,14,32,32,28,16,20,11,45,209,8,10,7,38,9,12,5,35,28,41,138,42,68,22,36,6,7,9,4,63,18,5,14,0,3,0,2,0,14,4,2,50,9,43,3,0,0,1,5,27,7,6,6,0,0,0,0,0,0,0,0,0,1281,3,7,25,1,2,23,1,10,13,0,6,30,5,8,15,3,3,16,12,37,11,37,7,6,7,148,10,5
js/js.ast,0,0,0,0,0,0,0,0,0,0,0,0,0,0,0,0,0,0,0,0,0,0,0,0,0,0,0,0,0,0,0,0,0,0,0,0,12,0,1,15,3,1,2,0,6,3,3,0,0,0,0,0,0,0,2,1,0,0,0,0,0,8,0,1,0,1,1,0,1,0,2,0,0,0,1,0,2,1,1,0,0,0,0,0,0,0,0,0,0,0,0,0,0,6,0,0,0,0,0,5,2,3,0,0,6,3,0,0,2,0,3,0,1,3,0,0,1,0,0,3,1,0,0,0,0
js/js.config,0,0,0,0,0,0,0,0,0,0,0,0,0,0,0,0,0,0,0,0,0,0,0,0,0,0,0,0,0,0,0,0,0,0,0,0,0,0,0,0,0,0,0,0,0,0,0,0,0,0,0,0,0,0,0,0,0,0,0,0,0,0,0,0,0,0,0,0,0,0,0,0,0,0,8,1,2,0,0,0,0,0,0,1,0,1,0,0,0,0,2,0,0,0,3,0,0,0,0,0,0,0,0,0,0,0,2,0,1,1,0,0,0,0,0,2,0,0,0,0,0,0,0,0,0
js/js.dce,0,0,0,0,0,0,0,0,0,0,0,0,0,0,0,0,0,0,0,0,0,0,0,0,0,0,0,0,0,0,0,0,0,0,0,0,0,0,0,0,11,0,1,0,14,2,5,0,0,0,0,0,0,0,0,0,0,0,0,0,0,0,0,0,1,0,0,0,0,0,0,0,0,0,0,0,0,0,0,0,0,0,0,1,0,16,0,1,0,1,1,0,0,0,0,0,0,0,0,1,0,0,0,0,0,0,0,2,0,0,0,0,0,0,0,0,0,0,0,0,0,0,0,0,0
js/js.engines,0,0,0,0,0,0,0,0,0,0,0,0,0,0,0,0,0,0,0,0,0,0,0,0,0,0,0,0,0,0,0,0,0,0,0,0,0,0,0,0,0,0,0,0,0,0,0,0,0,0,0,0,0,0,0,0,0,0,0,0,0,0,0,0,0,0,0,0,0,3,0,0,0,0,0,0,0,0,0,0,1,0,0,4,0,0,0,0,0,0,0,0,0,0,0,0,0,0,0,0,0,0,0,0,0,1,0,0,0,0,0,0,0,0,0,0,0,0,0,0,0,0,0,0,0
js/js.frontend,0,0,0,0,0,0,0,0,0,0,0,0,8,8,20,2,3,7,17,3,4,9,2,7,12,6,2,2,5,4,1,0,4,57,19,74,41,9,12,11,13,2,5,6,9,14,5,2,12,2,2,1,0,1,4,6,3,0,2,1,2,1,2,12,15,2,1,1,2,4,1,0,0,2,0,1,17,1,1,6,6,1,2,2,0,5,3,3,1,3,5,3,7,8,5,1,1,1,1,2,4,2,0,1,1,4,3,1,6,3,3,6,5,2,0,0,0,2,0,2,3,7,1,2,2
js/js.inliner,0,0,0,0,0,0,0,0,0,0,0,0,24,0,12,52,7,4,9,1,6,3,10,14,22,0,2,48,1,42,11,0,0,0,52,25,77,2,7,23,25,5,12,0,29,1,14,0,0,3,2,1,0,3,10,4,0,1,4,0,0,93,0,9,3,2,2,0,2,0,2,0,0,0,3,2,4,0,1,0,0,0,0,0,0,0,0,0,0,1,1,0,0,0,0,0,0,0,0,1,0,0,0,0,0,0,0,0,0,0,0,4,0,3,5,0,0,0,0,0,3,2,0,0,0
js/js.parser,0,0,0,0,0,0,0,0,0,0,0,1,0,4,4,0,0,0,0,0,0,1,1,0,5,0,0,1,0,0,0,0,0,0,0,0,2,0,1,1,2,9,5,0,4,2,2,0,0,0,0,1,0,0,0,0,0,0,0,0,0,0,0,0,3,0,0,0,0,0,0,0,0,0,0,0,0,0,0,0,0,0,0,0,0,0,0,2,0,0,1,0,0,0,0,0,0,0,0,0,1,2,1,0,0,3,2,0,0,0,0,0,0,0,0,2,0,0,0,0,0,0,0,0,0
js/js.serializer,0,0,0,0,0,0,0,0,0,0,0,0,0,0,1,7,10,2,5,0,6,6,6,6,5,4,2,3,1,14,1,0,2,4,2,8,13,0,15,17,5,4,2,2,19,8,4,2,1,2,12,1,0,5,22,0,1,1,1,0,1,15,1,1,3,3,1,1,2,0,0,0,3,0,2,0,0,1,0,0,1,1,0,1,1,0,0,0,0,1,1,2,1,5,0,1,0,0,1,8,0,2,0,0,0,0,0,1,4,2,0,0,0,0,0,0,0,0,0,2,0,0,0,0,0
js/js.sourcemap,0,0,0,0,0,0,0,0,0,0,0,0,0,0,0,0,0,0,0,0,0,0,0,0,0,0,0,0,0,0,0,0,0,0,0,0,0,0,0,0,0,0,0,0,0,0,0,0,0,0,0,0,0,0,0,0,0,0,0,0,0,0,0,0,0,0,0,0,0,0,0,0,0,0,0,0,0,0,0,0,0,0,0,0,0,0,0,0,0,1,0,0,0,0,0,0,0,0,0,0,3,0,3,0,3,3,0,4,0,0,0,0,1,0,0,0,0,0,0,1,1,0,0,0,0
js/js.tests,0,0,0,0,0,0,0,0,0,0,0,0,0,0,0,0,0,0,0,0,0,0,0,0,0,0,0,0,0,0,0,0,0,0,0,0,0,0,0,0,3,3,7,0,0,0,2,0,0,1,1,2,0,1,1,0,1,0,1,0,0,0,1,1,0,0,1,2,0,0,0,1,0,1,1,0,5,4,3,2,0,4,6,3,1,8,0,2,2,0,2,3,4,9,70,29,7,5,17,6,6,10,8,4,19,16,42,8,35,7,33,25,11,31,28,14,13,9,10,14,34,19,7,11,7
js/js.translator,0,0,0,0,0,0,1,0,1,2,0,1,78,6,17,21,26,10,12,0,10,43,11,17,29,19,1,54,35,26,18,10,931,184,190,225,217,14,25,107,1187,40,1234,11,140,1093,50,30,3,14,33,1376,67,195,212,163,1277,92,20,10,101,190,30,42,26,8,79,3,11,4,27,81,6,9,19,12,83,36,7,21,8,7,10,8,13,16,6,6,10,4,3,4,15,288,94,73,10,76,56,135,20,424,76,21,60,214,114,71,82,33,25,258,19,102,71,12,17,77,55,9,60,8,71,10,40
kotlin-native/Interop,0,0,0,0,0,0,0,0,0,0,0,0,0,0,0,0,0,0,0,0,0,0,0,0,0,0,0,0,0,0,0,0,0,0,0,0,0,0,0,0,0,0,0,0,0,0,0,0,0,0,0,0,0,0,0,0,0,0,0,0,0,0,0,0,0,0,0,0,0,0,0,0,0,0,0,0,0,0,0,0,0,27,10,0,0,3,8,11,7,0,3,5,14,0,6,0,4,3,1,1,0,1,1,1,0,2,6,0,10,1,3,2,19,1,4,1,2,1,15,1,1,5,48,1,18
kotlin-native/backend.native,0,0,0,0,0,0,0,0,0,0,0,0,0,0,0,0,0,0,0,0,0,0,0,0,0,0,0,0,0,0,0,0,0,0,0,0,0,0,0,0,0,0,0,0,0,0,0,0,0,0,0,0,0,0,0,0,0,0,0,0,0,0,0,0,0,0,0,0,0,0,0,0,0,0,0,0,0,0,0,0,0,109,61,73,9,46,29,44,43,35,110,64,55,104,50,41,41,26,20,5,40,33,33,110,100,75,132,130,170,81,105,63,67,78,61,42,127,69,67,131,55,32,75,25,104
kotlin-native/build-tools,0,0,0,0,0,0,0,0,0,0,0,0,0,0,0,0,0,0,0,0,0,0,0,0,0,0,0,0,0,0,0,0,0,0,0,0,0,0,0,0,0,0,0,0,0,0,0,0,0,0,0,0,0,0,0,0,0,0,0,0,0,0,0,0,0,0,0,0,0,0,0,0,0,0,0,0,0,0,0,0,0,17,12,6,2,27,10,14,2,0,0,5,14,0,10,4,0,9,1,3,17,4,2,6,5,5,8,20,6,22,2,1,6,1,1,5,7,36,19,11,3,11,45,3,2
kotlin-native/endorsedLibraries,0,0,0,0,0,0,0,0,0,0,0,0,0,0,0,0,0,0,0,0,0,0,0,0,0,0,0,0,0,0,0,0,0,0,0,0,0,0,0,0,0,0,0,0,0,0,0,0,0,0,0,0,0,0,0,0,0,0,0,0,0,0,0,0,0,0,0,0,0,0,0,0,0,0,0,0,0,0,0,0,0,15,0,11,0,0,0,1,0,0,1,0,1,0,0,0,0,0,0,0,0,0,0,0,1,0,0,0,0,0,0,0,0,0,0,0,0,0,0,0,0,0,0,0,0
kotlin-native/klib,0,0,0,0,0,0,0,0,0,0,0,0,0,0,0,0,0,0,0,0,0,0,0,0,0,0,0,0,0,0,0,0,0,0,0,0,0,0,0,0,0,0,0,0,0,0,0,0,0,0,0,0,0,0,0,0,0,0,0,0,0,0,0,0,0,0,0,0,0,0,0,0,0,0,0,0,0,0,0,0,0,0,0,0,0,0,0,0,0,0,0,0,0,0,0,0,0,0,0,0,0,0,0,0,0,0,0,0,0,0,0,0,0,0,0,0,0,0,0,0,0,0,12,17,0
kotlin-native/performance,0,0,0,0,0,0,0,0,0,0,0,0,0,0,0,0,0,0,0,0,0,0,0,0,0,0,0,0,0,0,0,0,0,0,0,0,0,0,0,0,0,0,0,0,0,0,0,0,0,0,0,0,0,0,0,0,0,0,0,0,0,0,0,0,0,0,0,0,0,0,0,0,0,0,0,0,0,0,0,0,0,77,2,0,0,1,0,1,0,5,0,0,0,2,0,0,0,1,0,11,0,8,3,0,0,0,4,0,0,17,0,5,7,0,11,3,1,1,4,4,0,3,2,3,0
kotlin-native/prepare,0,0,0,0,0,0,0,0,0,0,0,0,0,0,0,0,0,0,0,0,0,0,0,0,0,0,0,0,0,0,0,0,0,0,0,0,0,0,0,0,0,0,0,0,0,0,0,0,0,0,0,0,0,0,0,0,0,0,0,0,0,0,0,0,0,0,0,0,0,0,0,0,0,0,0,0,0,0,0,0,0,0,0,0,0,0,0,0,0,0,0,0,0,0,0,0,0,0,0,0,0,0,0,0,0,0,0,0,0,0,0,0,0,0,0,0,0,0,3,0,0,0,0,0,0
kotlin-native/runtime,0,0,0,0,0,0,0,0,0,0,0,0,0,0,0,0,0,0,0,0,0,0,0,0,0,0,0,0,0,0,0,0,0,0,0,0,0,0,0,0,0,0,0,0,0,0,0,0,0,0,0,0,0,0,0,0,0,0,0,0,0,0,0,0,0,0,0,0,0,0,0,0,0,0,0,0,0,0,0,0,0,118,5,2,3,14,11,34,47,13,8,6,15,12,7,7,10,2,1,2,1,26,4,18,4,3,6,8,4,4,21,143,24,39,20,18,24,13,61,1,12,8,15,4,3
kotlin-native/tools,0,0,0,0,0,0,0,0,0,0,0,0,0,0,0,0,0,0,0,0,0,0,0,0,0,0,0,0,0,0,0,0,0,0,0,0,0,0,0,0,0,0,0,0,0,0,0,0,0,0,0,0,0,0,0,0,0,0,0,0,0,0,0,0,0,0,0,0,0,0,0,0,0,0,0,0,0,0,0,0,0,35,0,4,13,0,4,1,0,0,3,0,4,0,0,0,1,2,3,2,0,7,9,2,0,7,0,10,0,0,0,0,1,0,1,0,0,0,0,0,0,0,0,0,0
kotlin-native/utilities,0,0,0,0,0,0,0,0,0,0,0,0,0,0,0,0,0,0,0,0,0,0,0,0,0,0,0,0,0,0,0,0,0,0,0,0,0,0,0,0,0,0,0,0,0,0,0,0,0,0,0,0,0,0,0,0,0,0,0,0,0,0,0,0,0,0,0,0,0,0,0,0,0,0,0,0,0,0,0,0,0,0,0,0,0,0,0,0,0,0,0,0,0,0,0,0,0,0,0,0,0,0,0,0,0,0,0,0,0,0,0,0,0,0,0,0,0,0,0,0,0,0,4,0,1
libraries/examples,0,0,0,0,0,0,0,0,0,0,0,0,0,0,3,0,0,2,0,0,1,0,0,0,3,0,0,0,2,1,0,3,1,1,0,2,0,0,1,1,0,0,1,0,1,0,0,0,0,2,0,31,2,1,0,45,10,0,3,1,1,0,0,8,0,2,0,0,0,0,1,0,1,1,0,0,3,4,0,0,0,0,0,0,0,0,0,1,0,0,0,1,1,0,0,0,0,1,0,0,0,1,0,0,0,0,0,0,0,0,0,0,1,0,0,0,3,0,0,0,0,0,0,0,1
libraries/kotlin.test,0,0,0,0,0,0,0,0,0,0,0,0,0,0,0,0,0,0,0,0,0,0,0,3,1,0,0,0,0,0,0,0,0,0,0,0,7,0,0,22,0,0,11,6,7,17,0,2,1,14,1,27,14,0,1,1,0,11,0,2,5,0,0,42,9,1,0,0,0,0,0,1,0,0,15,1,0,1,1,0,0,0,0,0,0,0,14,10,0,0,0,0,0,6,2,2,0,0,0,0,3,7,0,0,0,0,1,1,0,1,2,4,0,0,0,7,0,0,11,9,1,5,3,1,1
libraries/kotlinx-metadata,0,0,0,0,0,0,0,0,0,0,0,0,0,0,0,0,0,0,0,0,0,0,0,0,0,0,0,0,0,0,0,0,0,0,0,0,0,0,0,0,0,0,0,0,0,0,0,0,0,0,0,0,0,0,0,0,0,0,0,0,0,0,0,0,0,0,0,0,0,0,26,0,5,0,0,0,0,0,1,0,0,0,0,0,2,1,0,4,0,0,0,0,0,0,0,0,0,0,0,0,0,0,0,0,0,0,16,0,0,0,0,0,0,6,0,9,0,0,0,0,0,58,37,1,0
libraries/scripting,0,0,0,0,0,0,0,0,0,0,0,0,0,0,0,0,0,0,0,0,0,0,0,0,0,0,0,0,0,0,0,0,0,0,0,0,0,0,0,0,0,0,0,0,0,0,0,0,0,0,0,42,5,0,0,90,44,7,0,15,13,2,8,59,40,20,88,2,35,22,11,2,7,7,0,52,19,24,6,1,0,6,6,1,2,4,6,2,16,0,16,13,0,10,4,6,1,2,0,10,15,18,1,0,7,1,0,2,2,0,0,0,1,2,26,2,13,1,2,0,0,2,0,2,1
libraries/stdlib,0,2,21,7,2,29,24,0,1,9,12,30,13,11,46,38,67,48,48,30,79,98,106,35,60,70,9,17,3,16,4,17,22,18,66,63,86,9,27,35,9,2,6,1,23,146,24,41,31,108,23,662,59,7,36,237,199,28,50,93,56,33,121,402,41,66,35,37,18,36,23,73,146,46,95,128,53,237,47,60,7,49,68,67,61,65,110,148,10,12,58,66,157,62,37,112,86,35,7,135,15,70,32,45,80,35,20,76,129,21,50,213,27,104,148,120,30,99,237,9,94,61,96,24,10
libraries/tools,0,0,15,28,0,6,9,1,1,1,3,17,1,6,17,13,28,8,26,7,21,29,116,7,30,29,49,9,8,2,3,7,2,118,18,63,26,21,26,18,27,18,11,23,12,32,51,18,24,68,12,54,53,36,23,84,59,30,53,35,59,22,104,147,29,69,31,15,49,19,28,20,44,91,41,54,65,55,30,30,24,128,68,17,38,24,160,162,77,71,61,122,101,83,128,60,65,70,104,569,125,222,169,325,549,571,408,490,746,241,481,792,425,537,730,664,171,460,482,410,418,716,318,237,342
native/analysis-api-klib-reader,0,0,0,0,0,0,0,0,0,0,0,0,0,0,0,0,0,0,0,0,0,0,0,0,0,0,0,0,0,0,0,0,0,0,0,0,0,0,0,0,0,0,0,0,0,0,0,0,0,0,0,0,0,0,0,0,0,0,0,0,0,0,0,0,0,0,0,0,0,0,0,0,0,0,0,0,0,0,0,0,0,0,0,0,0,0,0,0,0,0,0,0,0,0,0,0,0,0,0,0,0,0,0,0,0,0,0,0,0,0,0,0,0,0,0,0,0,0,0,0,0,0,30,1,0
native/base,0,0,0,0,0,0,0,0,0,0,0,0,0,0,0,0,0,0,0,0,0,0,0,0,0,0,0,0,0,0,0,0,0,0,0,0,0,0,0,0,0,0,0,0,0,0,0,0,0,0,0,0,0,0,0,0,0,0,0,0,0,0,0,0,0,0,0,0,0,0,0,0,0,0,0,0,0,0,0,0,0,0,0,0,0,0,0,0,0,0,0,0,0,0,0,0,0,0,0,0,0,0,0,0,0,0,0,0,0,0,0,0,0,0,0,0,0,0,0,13,6,1,0,0,0
native/cli-native,0,0,0,0,0,0,0,0,0,0,0,0,0,0,0,0,0,0,0,0,0,0,0,0,0,0,0,0,0,0,0,0,0,0,0,0,0,0,0,0,0,0,0,0,0,0,0,0,0,0,0,0,0,0,0,0,0,0,0,0,0,0,0,0,0,0,0,0,0,0,0,0,0,0,0,0,0,0,0,0,0,0,0,0,0,0,0,0,0,0,0,0,0,0,0,0,0,0,0,0,0,0,0,0,0,0,0,0,0,0,0,0,0,0,0,0,0,0,0,0,0,0,2,0,1
native/commonizer,0,0,0,0,0,0,0,0,0,0,0,0,0,0,0,0,0,0,0,0,0,0,0,0,0,0,0,0,0,0,0,0,0,0,0,0,0,0,0,0,0,0,0,0,0,0,0,0,0,0,0,0,0,0,0,0,0,0,0,0,0,0,0,0,0,0,0,0,0,0,0,0,53,5,0,0,14,10,3,7,0,1,12,0,3,9,160,268,1,81,111,96,211,21,0,1,71,30,22,9,0,1,0,0,0,3,1,4,3,13,0,3,23,22,3,10,6,1,17,0,19,29,4,0,1
native/commonizer-api,0,0,0,0,0,0,0,0,0,0,0,0,0,0,0,0,0,0,0,0,0,0,0,0,0,0,0,0,0,0,0,0,0,0,0,0,0,0,0,0,0,0,0,0,0,0,0,0,0,0,0,0,0,0,0,0,0,0,0,0,0,0,0,0,0,0,0,0,0,0,0,0,0,0,0,0,0,0,0,0,0,0,0,0,0,0,11,27,2,17,2,1,0,0,0,0,8,2,1,2,0,0,0,0,0,2,0,1,0,1,0,0,7,0,0,0,0,0,1,0,2,0,1,0,0
native/executors,0,0,0,0,0,0,0,0,0,0,0,0,0,0,0,0,0,0,0,0,0,0,0,0,0,0,0,0,0,0,0,0,0,0,0,0,0,0,0,0,0,0,0,0,0,0,0,0,0,0,0,0,0,0,0,0,0,0,0,0,0,0,0,0,0,0,0,0,0,0,0,0,0,0,0,0,0,0,0,0,0,0,0,0,0,0,0,0,0,0,0,0,0,0,0,0,0,0,0,0,0,0,0,0,0,0,0,0,0,0,7,0,4,1,0,0,1,0,0,0,8,3,1,1,0
native/frontend,0,0,0,0,0,0,0,0,0,0,0,0,0,0,0,0,0,0,0,0,0,0,0,0,0,0,0,0,0,0,0,0,0,0,0,0,0,0,0,0,0,0,0,0,0,0,0,0,0,0,0,0,0,0,0,0,0,0,0,0,0,0,0,0,0,0,0,0,0,0,0,0,5,9,8,6,5,0,0,4,0,1,0,0,0,1,0,0,0,0,3,6,4,0,0,0,0,0,0,0,0,1,4,6,6,1,0,1,0,0,0,2,8,0,7,0,2,0,1,0,0,6,0,0,0
native/kotlin-test-native-xctest,0,0,0,0,0,0,0,0,0,0,0,0,0,0,0,0,0,0,0,0,0,0,0,0,0,0,0,0,0,0,0,0,0,0,0,0,0,0,0,0,0,0,0,0,0,0,0,0,0,0,0,0,0,0,0,0,0,0,0,0,0,0,0,0,0,0,0,0,0,0,0,0,0,0,0,0,0,0,0,0,0,0,0,0,0,0,0,0,0,0,0,0,0,0,0,0,0,0,0,0,0,0,0,0,0,0,0,0,0,0,0,0,0,0,0,0,0,0,0,0,3,0,1,0,0
native/native.tests,0,0,0,0,0,0,0,0,0,0,0,0,0,0,0,0,0,0,0,0,0,0,0,0,0,0,0,0,0,0,0,0,0,0,0,0,0,0,0,0,0,0,0,0,0,0,0,0,0,0,0,0,0,0,0,0,0,0,0,0,0,0,0,0,0,0,0,0,0,0,0,0,0,0,0,0,0,0,0,0,0,0,0,0,0,0,0,0,0,0,0,0,0,0,31,11,2,5,0,5,1,0,0,0,1,0,1,16,11,1,7,9,67,1,5,102,99,61,52,140,179,365,161,125,83
native/objcexport-header-generator,0,0,0,0,0,0,0,0,0,0,0,0,0,0,0,0,0,0,0,0,0,0,0,0,0,0,0,0,0,0,0,0,0,0,0,0,0,0,0,0,0,0,0,0,0,0,0,0,0,0,0,0,0,0,0,0,0,0,0,0,0,0,0,0,0,0,0,0,0,0,0,0,0,0,0,0,0,0,0,0,0,0,0,0,0,0,0,0,0,0,0,0,0,0,0,0,0,0,0,0,0,0,0,0,0,0,0,0,0,0,0,0,0,0,0,0,0,0,0,0,216,226,73,24,28
native/swift,0,0,0,0,0,0,0,0,0,0,0,0,0,0,0,0,0,0,0,0,0,0,0,0,0,0,0,0,0,0,0,0,0,0,0,0,0,0,0,0,0,0,0,0,0,0,0,0,0,0,0,0,0,0,0,0,0,0,0,0,0,0,0,0,0,0,0,0,0,0,0,0,0,0,0,0,0,0,0,0,0,0,0,0,0,0,0,0,0,0,0,0,0,0,0,0,0,0,0,0,0,0,0,0,0,0,0,0,0,0,0,0,0,0,0,0,0,0,53,54,50,119,93,271,89
native/utils,0,0,0,0,0,0,0,0,0,0,0,0,0,0,0,0,0,0,0,0,0,0,0,0,0,0,0,0,0,0,0,0,0,0,0,0,0,0,0,0,0,0,0,0,0,0,0,0,0,0,0,0,0,0,0,0,0,0,0,0,0,0,0,0,0,0,0,0,0,0,0,0,5,3,15,3,3,0,0,0,1,1,1,1,0,3,14,3,4,1,0,1,2,0,0,0,1,1,0,0,1,1,0,1,3,0,0,1,2,2,35,2,2,5,13,3,0,4,8,6,2,11,26,4,2
plugins/allopen,0,0,0,0,0,0,0,0,0,0,0,0,0,0,0,0,0,0,0,0,0,0,0,0,0,0,0,0,0,0,0,0,0,0,0,10,0,0,0,0,0,0,0,0,0,0,0,0,0,0,0,0,0,0,0,0,0,0,0,0,0,0,0,0,0,0,0,0,0,0,0,0,0,0,0,0,0,0,0,0,0,0,0,0,0,0,0,0,0,0,0,0,0,0,0,0,0,0,0,0,0,27,0,0,0,0,6,1,1,2,1,0,0,0,4,0,0,0,0,0,0,0,4,1,6
plugins/android-extensions,0,0,0,0,0,0,0,0,0,0,0,0,0,0,0,0,0,0,0,0,0,0,0,0,0,0,65,15,1,11,0,0,0,0,2,2,1,1,12,0,0,2,194,9,64,19,1,20,18,10,0,12,1,2,16,8,3,0,12,2,0,0,3,12,7,0,1,3,2,5,0,0,6,3,1,0,104,8,5,4,28,7,2,5,3,0,0,2,8,0,5,4,1,1,76,5,3,1,2,0,4,1,0,3,4,0,0,3,1,0,5,1,1,3,1,0,2,1,0,0,0,0,2,1,1
plugins/assign-plugin,0,0,0,0,0,0,0,0,0,0,0,0,0,0,0,0,0,0,0,0,0,0,0,0,0,0,0,0,0,0,0,0,0,0,0,0,0,0,0,0,0,0,0,0,0,0,0,0,0,0,0,0,0,0,0,0,0,0,0,0,0,0,0,0,0,0,0,0,0,0,0,0,0,0,0,0,0,0,0,0,0,0,0,0,0,0,0,0,0,0,0,0,0,0,0,0,0,0,0,0,0,0,0,0,32,1,0,8,5,2,3,6,0,0,0,2,1,1,0,0,2,2,0,2,3
plugins/atomicfu,0,0,0,0,0,0,0,0,0,0,0,0,0,0,0,0,0,0,0,0,0,0,0,0,0,0,0,0,0,0,0,0,0,0,0,0,0,0,0,0,0,0,0,0,0,0,0,0,0,0,0,0,0,0,0,0,0,0,0,0,0,0,0,0,0,0,0,0,0,0,0,0,0,0,0,0,0,0,0,0,0,0,0,0,0,0,0,0,0,0,0,0,0,0,0,2,0,1,0,1,0,9,0,0,0,2,3,0,0,1,0,0,0,0,54,30,0,0,3,2,2,29,1,0,0
plugins/compose,0,0,0,0,0,0,0,0,0,0,0,0,0,0,0,0,0,0,0,0,0,0,0,0,0,0,0,0,0,0,0,0,0,0,0,0,0,0,0,0,0,0,0,0,0,0,0,0,0,0,0,0,0,0,0,0,0,0,0,0,0,0,0,0,0,0,0,0,0,0,0,0,0,0,0,0,0,0,0,0,39,26,25,13,16,23,10,27,36,16,5,38,11,14,17,27,14,30,17,15,11,68,22,7,9,52,19,27,20,6,17,20,35,8,63,14,8,148,75,12,46,22,66,112,43
plugins/fir-plugin-prototype,0,0,0,0,0,0,0,0,0,0,0,0,0,0,0,0,0,0,0,0,0,0,0,0,0,0,0,0,0,0,0,0,0,0,0,0,0,0,0,0,0,0,0,0,0,0,0,0,0,0,0,0,0,0,0,0,0,0,0,0,0,0,0,0,0,0,0,0,0,0,0,0,0,0,0,0,0,0,0,0,0,0,0,0,0,0,0,0,0,0,0,0,0,0,0,52,0,8,0,2,0,27,1,0,4,0,18,12,31,35,13,3,6,11,20,5,8,3,2,5,7,10,16,5,6
plugins/imports-dumper,0,0,0,0,0,0,0,0,0,0,0,0,0,0,0,0,0,0,0,0,0,0,0,0,0,0,0,0,0,0,0,0,0,0,0,0,0,0,0,0,0,0,0,0,0,0,0,0,0,0,0,0,9,0,0,0,0,0,2,0,0,0,0,4,0,0,0,0,0,0,0,0,0,0,0,0,0,0,0,0,0,0,0,0,1,0,0,0,0,0,0,0,0,0,0,0,0,0,0,0,0,1,0,0,0,0,1,0,2,0,0,0,0,0,1,1,0,0,0,0,0,0,0,0,0
plugins/js-plain-objects,0,0,0,0,0,0,0,0,0,0,0,0,0,0,0,0,0,0,0,0,0,0,0,0,0,0,0,0,0,0,0,0,0,0,0,0,0,0,0,0,0,0,0,0,0,0,0,0,0,0,0,0,0,0,0,0,0,0,0,0,0,0,0,0,0,0,0,0,0,0,0,0,0,0,0,0,0,0,0,0,0,0,0,0,0,0,0,0,0,0,0,0,0,0,0,0,0,0,0,0,0,0,0,0,0,0,0,0,0,0,0,0,0,0,0,0,0,0,0,0,30,0,3,6,0
plugins/jvm-abi-gen,0,0,0,0,0,0,0,0,0,0,0,0,0,0,0,0,0,0,0,0,0,0,0,0,0,0,0,0,0,0,0,0,0,0,0,0,0,0,0,0,0,0,0,0,0,0,0,0,0,0,0,0,0,0,0,0,0,0,0,60,0,0,0,5,0,0,0,0,2,0,2,0,0,0,0,0,0,1,0,0,0,0,1,0,0,0,0,0,0,0,0,61,0,0,0,5,0,2,0,0,0,3,0,0,4,2,7,7,4,0,5,2,0,5,0,5,0,0,0,20,24,61,4,0,1
plugins/kapt3,0,0,0,0,0,0,0,0,0,0,0,0,0,0,0,0,0,0,0,0,0,0,0,0,0,0,0,0,0,0,0,0,0,0,0,0,0,0,0,0,0,0,0,0,0,0,0,99,7,26,2,7,3,29,9,12,20,36,53,6,0,6,61,76,6,5,12,2,7,16,3,4,5,0,1,1,9,5,9,3,14,3,15,22,9,25,9,19,2,0,0,5,3,3,14,7,0,182,14,1,1,18,59,0,4,6,3,6,28,3,2,6,3,4,16,67,31,2,9,5,19,17,4,5,5
plugins/kapt4,0,0,0,0,0,0,0,0,0,0,0,0,0,0,0,0,0,0,0,0,0,0,0,0,0,0,0,0,0,0,0,0,0,0,0,0,0,0,0,0,0,0,0,0,0,0,0,0,0,0,0,0,0,0,0,0,0,0,0,0,0,0,0,0,0,0,0,0,0,0,0,0,0,0,0,0,0,0,0,0,0,0,0,0,0,0,0,0,0,0,0,0,0,0,0,0,0,0,0,0,0,0,0,0,0,0,0,0,0,0,0,0,0,0,1,10,6,0,10,7,10,13,1,8,4
plugins/kotlinx-serialization,0,0,0,0,0,0,0,0,0,0,0,0,0,0,0,0,0,0,0,0,0,0,0,0,0,0,0,0,0,0,0,0,0,0,0,0,0,0,0,0,0,0,0,0,0,0,0,0,0,0,0,0,0,0,0,0,0,0,0,0,0,0,0,0,0,0,0,0,0,0,0,0,0,0,0,0,0,0,0,0,0,0,0,0,0,0,0,0,0,0,0,0,0,0,0,0,0,0,0,0,0,0,0,91,134,69,39,65,34,51,21,29,9,6,33,5,6,3,16,14,40,65,23,60,3
plugins/lombok,0,0,0,0,0,0,0,0,0,0,0,0,0,0,0,0,0,0,0,0,0,0,0,0,0,0,0,0,0,0,0,0,0,0,0,0,0,0,0,0,0,0,0,0,0,0,0,0,0,0,0,0,0,0,0,0,0,0,0,0,0,0,0,0,0,0,0,0,0,0,0,0,0,0,0,0,0,0,0,0,0,0,0,0,0,0,0,0,0,0,0,0,0,0,0,0,0,0,0,0,0,82,0,34,19,0,5,1,4,13,0,0,0,0,0,0,0,6,1,0,12,0,0,16,5
plugins/noarg,0,0,0,0,0,0,0,0,0,0,0,0,0,0,0,0,0,0,0,0,0,0,0,0,0,0,0,0,0,0,0,0,0,0,0,0,0,0,0,0,0,0,0,0,0,0,0,0,0,0,0,0,0,0,0,0,0,0,0,0,0,0,0,0,0,0,0,0,0,0,0,0,0,0,0,0,0,0,0,0,0,0,0,0,0,0,0,0,0,0,0,0,0,0,0,0,0,0,0,0,0,46,0,0,1,0,2,3,2,5,1,0,0,0,1,0,1,0,1,0,2,0,0,0,0
plugins/parcelize,0,0,0,0,0,0,0,0,0,0,0,0,0,0,0,0,0,0,0,0,0,0,0,0,0,0,0,0,0,0,0,0,0,0,0,0,0,0,0,0,0,0,0,0,0,0,0,0,0,0,0,0,0,0,0,0,0,0,0,0,0,0,0,0,0,0,0,0,0,0,0,0,0,0,0,0,0,0,0,0,79,2,0,0,0,2,0,0,2,0,0,12,74,47,151,6,0,2,0,7,0,34,10,0,2,2,3,20,10,28,15,4,2,6,0,4,2,16,6,3,16,4,38,14,14
plugins/pill,0,0,0,0,0,0,0,0,0,0,0,0,0,0,0,0,0,0,0,0,0,0,0,0,0,0,0,0,0,0,0,0,0,0,0,0,0,0,0,0,0,0,0,0,0,0,0,0,0,0,0,0,0,0,0,0,0,0,0,0,0,0,0,0,0,0,0,0,0,0,0,0,0,4,0,0,2,0,0,0,0,0,0,0,0,0,27,0,0,0,0,0,2,8,2,0,0,0,3,0,4,1,0,0,0,0,2,0,0,0,0,0,0,0,0,2,0,0,0,16,2,0,0,0,0
plugins/plugins-interactions-testing,0,0,0,0,0,0,0,0,0,0,0,0,0,0,0,0,0,0,0,0,0,0,0,0,0,0,0,0,0,0,0,0,0,0,0,0,0,0,0,0,0,0,0,0,0,0,0,0,0,0,0,0,0,0,0,0,0,0,0,0,0,0,0,0,0,0,0,0,0,0,0,0,0,0,0,0,0,0,0,0,0,0,0,0,0,0,0,0,0,0,0,0,0,0,0,0,0,0,0,0,0,0,0,0,0,0,0,0,0,0,0,0,0,0,0,0,0,0,0,0,0,0,0,0,3
plugins/power-assert,0,0,0,0,0,0,0,0,0,0,0,0,0,0,0,0,0,0,0,0,0,0,0,0,0,0,0,0,0,0,0,0,0,0,0,0,0,0,0,0,0,0,0,0,0,0,0,0,0,0,0,0,0,0,0,0,0,0,0,0,0,0,0,0,0,0,0,0,0,0,0,0,0,0,0,0,0,0,0,0,0,0,0,0,0,0,0,0,0,0,0,0,0,0,0,0,0,0,0,0,0,0,0,0,0,0,0,0,0,0,0,0,0,0,0,0,0,0,0,0,0,144,9,0,2
plugins/sam-with-receiver,0,0,0,0,0,0,0,0,0,0,0,0,0,0,0,0,0,0,0,0,0,0,0,0,0,0,0,0,0,0,0,0,0,0,0,0,0,0,0,0,0,0,0,0,0,0,0,0,0,0,0,0,0,0,0,0,0,0,0,0,0,0,0,0,0,0,0,0,0,0,0,0,0,0,0,0,0,0,0,0,0,0,0,0,0,0,0,0,0,0,0,0,0,0,0,0,0,0,0,0,0,42,0,0,0,1,17,0,0,3,0,0,0,0,0,0,0,0,0,0,0,0,0,0,0
plugins/scripting,0,0,0,0,0,0,0,0,0,0,0,0,0,0,0,0,0,0,0,0,0,0,0,0,0,0,0,0,0,0,0,0,0,0,0,0,0,0,0,0,0,0,0,0,0,0,0,0,0,0,0,0,0,0,0,0,0,0,0,0,0,0,17,86,7,27,80,5,32,28,6,21,14,7,3,55,22,40,5,12,3,11,6,2,11,11,30,5,7,2,34,12,9,3,6,16,11,1,10,6,3,49,4,3,1,5,0,16,11,6,7,5,10,9,25,5,8,2,5,18,1,15,21,7,16
prepare/compiler-client-embeddable,0,0,0,0,0,0,0,0,0,0,0,0,0,0,0,0,0,0,0,0,0,0,0,0,0,0,0,0,0,0,0,0,0,0,0,0,0,0,0,0,0,0,0,0,0,0,0,0,0,0,0,0,0,0,0,0,0,0,0,0,0,0,0,0,0,0,0,0,0,1,0,0,0,0,0,0,0,1,0,0,0,0,1,0,0,0,0,0,0,0,0,0,0,0,0,0,0,0,0,0,0,0,0,0,0,0,0,0,1,0,0,0,0,0,0,1,0,0,0,0,0,0,0,0,0
prepare/compiler-embeddable,0,0,0,0,0,0,0,0,0,0,0,0,0,0,0,0,0,0,0,0,0,0,0,0,0,0,0,0,0,0,0,0,0,0,0,0,0,0,0,0,0,0,0,0,0,0,0,0,0,0,0,0,0,0,0,0,0,0,0,0,0,0,0,0,0,0,0,0,0,2,0,0,0,0,0,0,0,0,0,0,0,0,0,0,0,0,0,0,0,0,0,0,0,0,0,0,0,0,0,0,0,0,0,0,0,0,0,0,0,0,0,0,0,0,0,0,0,0,0,0,0,0,0,0,0
repo/artifacts-tests,0,0,0,0,0,0,0,0,0,0,0,0,0,0,0,0,0,0,0,0,0,0,0,0,0,0,0,0,0,0,0,0,0,0,0,0,0,0,0,0,0,0,0,0,0,0,0,0,0,0,0,0,0,0,0,0,0,0,0,0,0,0,0,0,0,0,0,0,0,0,0,0,0,0,0,0,0,0,0,0,0,0,0,0,0,0,0,0,0,0,0,0,0,0,0,0,0,0,0,0,0,0,0,0,0,0,0,0,0,0,0,0,0,1,0,2,1,1,0,1,1,2,0,0,0
repo/codebase-tests,0,0,0,0,0,0,0,0,0,0,0,0,0,0,0,0,0,0,0,0,0,0,0,0,0,0,0,0,0,0,0,0,0,0,0,0,0,0,0,0,0,0,0,0,0,0,0,0,0,0,0,0,0,0,0,0,0,0,0,0,0,0,0,0,0,0,0,0,0,0,0,0,0,0,0,0,0,0,0,0,0,0,0,0,0,0,0,0,0,0,0,0,0,0,0,0,0,0,0,0,0,0,0,0,0,0,6,3,2,3,4,0,5,1,2,2,0,1,3,0,2,0,0,0,1
repo/gradle-build-conventions,0,0,0,0,0,0,0,0,0,0,0,0,0,0,0,0,0,0,0,0,0,0,0,0,0,0,0,0,0,0,0,0,0,0,0,0,0,0,0,0,0,0,0,0,0,0,0,0,0,0,0,0,0,0,0,0,0,0,0,0,0,0,0,0,0,0,0,0,0,0,0,0,0,0,0,0,0,0,0,0,0,0,0,0,0,0,0,0,0,0,0,0,0,0,0,0,0,0,0,0,0,0,0,0,0,0,0,0,0,0,0,0,0,0,37,23,13,6,11,19,3,24,14,20,7
repo/gradle-settings-conventions,0,0,0,0,0,0,0,0,0,0,0,0,0,0,0,0,0,0,0,0,0,0,0,0,0,0,0,0,0,0,0,0,0,0,0,0,0,0,0,0,0,0,0,0,0,0,0,0,0,0,0,0,0,0,0,0,0,0,0,0,0,0,0,0,0,0,0,0,0,0,0,0,0,0,0,0,0,0,0,0,0,0,0,0,0,0,0,0,0,0,0,0,0,0,0,0,0,0,0,0,0,0,0,0,0,0,0,0,0,0,0,0,18,5,0,0,4,0,5,0,0,0,0,0,0
test-instrumenter/src,0,0,0,0,0,0,0,0,0,0,0,0,0,0,0,0,0,0,0,0,0,0,0,0,0,0,0,0,0,0,0,0,0,0,0,0,0,0,0,0,0,0,0,0,0,2,0,0,0,0,0,0,0,0,0,0,0,0,0,1,0,0,0,0,0,0,1,0,0,0,0,0,0,0,0,0,0,0,0,0,0,0,0,0,0,0,0,0,0,0,0,0,0,0,0,0,0,0,0,0,0,0,0,0,0,0,0,0,0,0,0,0,0,0,0,0,0,0,0,0,0,0,0,0,0
wasm/wasm.config,0,0,0,0,0,0,0,0,0,0,0,0,0,0,0,0,0,0,0,0,0,0,0,0,0,0,0,0,0,0,0,0,0,0,0,0,0,0,0,0,0,0,0,0,0,0,0,0,0,0,0,0,0,0,0,0,0,0,0,0,0,0,0,0,0,0,0,0,0,0,0,0,0,0,0,0,0,0,0,0,0,0,0,0,0,0,0,0,0,0,0,0,0,0,0,0,0,0,0,0,0,0,0,0,0,0,0,0,0,1,0,0,0,0,0,0,0,0,0,1,0,0,0,2,0
wasm/wasm.frontend,0,0,0,0,0,0,0,0,0,0,0,0,0,0,0,0,0,0,0,0,0,0,0,0,0,0,0,0,0,0,0,0,0,0,0,0,0,0,0,0,0,0,0,0,0,0,0,0,0,0,0,0,0,0,0,0,0,0,0,0,0,0,0,0,0,0,0,0,0,0,0,0,0,0,0,0,0,0,0,0,0,0,0,0,0,0,0,0,0,0,0,0,0,0,0,0,0,0,0,0,0,0,0,0,0,0,0,0,0,12,11,0,1,3,5,4,0,1,5,3,0,2,3,2,1
wasm/wasm.ir,0,0,0,0,0,0,0,0,0,0,0,0,0,0,0,0,0,0,0,0,0,0,0,0,0,0,0,0,0,0,0,0,0,0,0,0,0,0,0,0,0,0,0,0,0,0,0,0,0,0,0,0,0,0,0,0,0,0,0,0,0,0,0,0,0,0,0,0,0,0,0,0,0,0,0,0,0,0,0,0,0,0,24,20,0,0,0,1,0,0,7,2,17,1,1,0,0,0,0,0,11,5,3,0,13,6,10,25,32,0,0,0,4,2,14,1,4,0,0,4,8,1,3,6,0
wasm/wasm.tests,0,0,0,0,0,0,0,0,0,0,0,0,0,0,0,0,0,0,0,0,0,0,0,0,0,0,0,0,0,0,0,0,0,0,0,0,0,0,0,0,0,0,0,0,0,0,0,0,0,0,0,0,0,0,0,0,0,0,0,0,0,0,0,0,0,0,0,0,0,0,0,0,0,0,0,0,0,0,0,0,0,0,0,0,0,0,0,0,0,0,0,0,0,0,0,0,0,0,0,0,0,0,0,0,0,0,0,0,2,3,1,1,0,11,7,28,5,3,6,11,15,6,11,15,3
